"Keyword","Impressions","Clicks","CTR","Avg. Position"
"wordle answer today","19423","335","1.72%","7.016482340524122"
"today's wordle answer","14337","907","6.33%","3.724354390737253"
"todays wordle","9344","115","1.23%","7.577900395976027"
"today's wordle","8145","143","1.76%","6.149038784530388"
"todays wordle answer","6219","221","3.5500000000000003%","5.526298343785176"
"colordle","5557","19","0.34%","6.830482418571172"
"smashdle","5088","8","0.16%","6.7706358687106905"
"minesweeper solver","4922","170","3.45%","4.9522513612352705"
"wordle today","4770","42","0.88%","7.581759077568134"
"colordle answer","3824","428","11.19%","4.679920868200837"
"wordle today answer","3558","47","1.32%","6.844290612703765"
"what is today's wordle answer","2506","75","2.99%","4.869113407821231"
"wordle solver 5 letters","2391","8","0.33%","8.19406930154747"
"colordle answer today","2273","217","9.55%","4.901894236691597"
"today wordle answer","2033","124","6.1000000000000005%","4.913914166256763"
"globle answer today","1888","20","1.06%","7.384001112288135"
"spotle answer today","1662","43","2.59%","6.326724187725632"
"wordle answer","1639","11","0.67%","8.691286760219647"
"what is today's wordle","1580","53","3.35%","5.693038227848102"
"wordle answer today 2026","1580","201","12.72%","3.930370949367088"
"all wordle answers 2025","1415","0","0%","4.265759010600707"
"5 letter wordle solver","1405","7","0.5%","7.637017651245549"
"wordle 5 letter solver website","1326","1","0.08%","8.637272926093514"
"5 letter wordle without cheating","1056","0","0%","8.64679422348485"
"whats todays wordle","937","6","0.64%","8.347912273212378"
"colordle hint","908","101","11.120000000000001%","4.506611453744495"
"lights out solver","879","55","6.26%","3.8259358361774747"
"every wordle answer to date","872","0","0%","5.564216972477065"
"today wordle","837","29","3.46%","6.0071636798088415"
"wordle analyzer","833","26","3.12%","3.5342240096038413"
"list of wordle answers 2025","817","0","0%","6.168940758873929"
"what is todays wordle","781","1","0.13%","8.521126504481433"
"what is the wordle today","777","3","0.39%","8.84170476190476"
"wordle june 26 answer","776","1","0.13%","6.2796"
"waffle game archive","759","2","0.26%","7.590253359683794"
"kanoodle","675","9","1.33%","5.869626666666667"
"semantle","645","2","0.31%","5.896113953488372"
"wordle 7/15/26","567","7","1.23%","6.186966666666667"
"today's wordle answer.","552","141","25.54%","2.686589673913044"
"what's the wordle today","533","1","0.19%","6.602262101313321"
"what's today's wordle answer","493","9","1.83%","4.866118864097363"
"wordle july 1 answer","469","0","0%","7.748385501066098"
"future wordle answers 2025","447","0","0%","7.0067337807606265"
"wordle july 3 answer","436","0","0%","5.3761"
"wordle answer for today","384","6","1.56%","7.364564583333333"
"wordle june 23 2026","382","0","0%","5.72513664921466"
"wordle 5 letter solver","356","1","0.28%","7.800541853932583"
"daily wordle answer","351","3","0.85%","7.0256236467236475"
"betweenle","351","0","0%","8.065558404558404"
"wordle answer list 2025","349","0","0%","3.4069025787965614"
"colordle hints","346","26","7.51%","5.109833236994219"
"wordle june 20 2026","345","0","0%","4.3217"
"wordle full answer list","340","0","0%","8.005905882352941"
"wordle solution june 19 2026","334","0","0%","5.3293"
"what is todays wordle answer","332","3","0.9%","8.204827710843372"
"contexto answer","332","7","2.11%","6.012061445783132"
"wordle 6/24/26","315","8","2.54%","3.111138095238095"
"what is the colordle answer today","311","49","15.76%","3.090031189710611"
"contexto answer today","302","3","0.99%","8.857614900662252"
"todays worlde answer","299","1","0.33%","6.622069899665552"
"wordle of the day answer","297","3","1.01%","8.602681144781144"
"wordle clue for today's word","294","4","1.36%","8.380951020408164"
"nerdle today","283","0","0%","8.568912014134277"
"wordle 6/19/26","275","2","0.73%","6.872700363636364"
"colordle solver","274","117","42.7%","2.30656496350365"
"onepiecedle answers","269","8","2.97%","5.245354275092937"
"wordle 6/22/26","263","3","1.1400000000000001%","5.46009011406844"
"phsaw","257","1","0.39%","6.3619"
"maxi nerdle","255","0","0%","7.356866666666666"
"phrazle answer today","253","13","5.14%","4.814230434782609"
"wordle 7/11/26","252","2","0.79%","5.988095238095238"
"lights out puzzle solver","246","19","7.72%","5.6382056910569105"
"5 letter word wordle solver","243","0","0%","9.069949382716048"
"wordle 7/4/26","236","5","2.12%","2.9915050847457625"
"wordle 7/16/26","236","8","3.39%","5.046599152542373"
"clues for today's wordle","233","5","2.15%","8.180267811158798"
"wafflearchive","232","0","0%","5.79310775862069"
"5 letter wordle word solver","230","0","0%","8.38261"
"contexto","227","0","0%","9.488994273127755"
"wordle answers today","224","4","1.79%","6.642857589285716"
"answer to wordle today","221","0","0%","7.597289592760182"
"wordle solver 4 letters","218","0","0%","8.816528440366973"
"wordle 7/22/26","216","2","0.93%","7.199052777777778"
"wordle august 7 2026","215","0","0%","7.116216744186047"
"thirdle","210","0","0%","8.404759047619047"
"wordle word today","209","1","0.48%","7.990437799043063"
"wordle 7/2/26","209","3","1.44%","3.4449564593301436"
"today's wordle answer 2026","207","48","23.19%","1.9613541062801934"
"wordle 8/7/26","201","3","1.49%","3.9552363184079598"
"wordle 7/6/26","199","11","5.53%","4.603012562814071"
"wordle with 5 letters solve","199","0","0%","7.5829195979899495"
"wordle 6/21/26","199","1","0.5%","6.316645728643216"
"wordle 7/5/26","198","12","6.0600000000000005%","4.237381818181818"
"today's globle answer","198","6","3.0300000000000002%","5.681819696969698"
"wordle 8/5/26","189","11","5.82%","3.5079751322751322"
"3 letter wordle","188","5","2.66%","7.154255851063831"
"wordle 6/30/26","186","0","0%","7.043025806451613"
"wordle july 3 2026","185","1","0.54%","7.7946"
"wordle today july 2 2026","183","5","2.73%","7.480886885245901"
"canuckle answer today","182","10","5.49%","5.505493956043956"
"wordle today july 27 2026","181","1","0.55%","5.674099999999999"
"complete list of wordle answers","179","0","0%","8.653653631284916"
"wordle 7/1/26","179","4","2.23%","4.407876536312849"
"9 letter wordle wordly","179","0","0%","9.039101117318436"
"list of every wordle answer","178","0","0%","8.466281460674157"
"hangman solver","178","2","1.12%","7.101146629213481"
"globle","178","0","0%","9.898840449438202"
"wordle answer list december 2025","178","0","0%","5.5786410112359555"
"wordle 6/13/26","175","2","1.1400000000000001%","3.4514457142857147"
"betweenle solver","175","1","0.5700000000000001%","6.925727428571429"
"wordle 7/12/26","171","3","1.75%","3.6082228070175435"
"discord wordle answer","168","15","8.93%","3.4047523809523805"
"wordle 8/4/26","167","3","1.8%","6.401191017964072"
"wordle 8/12/26","166","1","0.6%","6.86141686746988"
"wordle 8/3/26","166","0","0%","5.656626506024097"
"wordle 7/17/26","163","2","1.23%","6.650314723926381"
"squaredle solver","160","0","0%","9.200005625"
"wordle 8/8/26","160","4","2.5%","5.4437750000000005"
"wordle 7/10/26","158","1","0.63%","5.2279"
"Wordle answer June 24 2026","155","0","0%","5.903229032258065"
"wordle 8/11/26","155","0","0%","5.954817419354839"
"wordle 1868 answer","154","1","0.65%","4.2663"
"weaver solver","153","26","16.990000000000002%","3.0326718954248366"
"wordle july 2 2026","153","0","0%","4.908507189542484"
"5 letter wordle words solver","153","0","0%","7.032677124183006"
"wordle today august 6 2026","152","0","0%","4.9079"
"wordle 7/21/26","152","4","2.63%","8.263147368421052"
"october 17 2021 wordle","152","0","0%","8.407907894736843"
"wordle 7/20/26","151","5","3.31%","4.82780463576159"
"nerdle answer today","150","5","3.33%","7.546662000000001"
"wordle today july 9 2026","149","0","0%","5.1276"
"5 letter words for wordle","145","0","0%","7.200008965517241"
"5 letter word solver wordle","144","0","0%","7.458335416666667"
"wordle of today","144","1","0.6900000000000001%","7.4305465277777785"
"todays worlde","143","2","1.4000000000000001%","6.503488811188811"
"wordle 7/23/26","142","3","2.11%","7.253554225352112"
"list of all wordle answers to date","141","0","0%","7.056750354609929"
"wordle 7/3/26","138","0","0%","3.666691304347826"
"wordle 6/23/26","137","1","0.73%","4.248240875912408"
"wordle 6/20/26","136","4","2.94%","3.205948529411765"
"globle answer of the day","131","1","0.76%","7.839651908396947"
"solve five letter wordle","131","0","0%","8.580140458015267"
"wordle 6/25/26","129","6","4.65%","3.248048837209302"
"wordle 7/8/26","127","4","3.15%","4.039370078740157"
"answer to today's wordle","127","7","5.51%","3.496049606299213"
"word ladder solver","125","2","1.6%","6.7600016"
"wordle august 10 2026","125","1","0.8%","6.52"
"wordle june 19 2026","124","0","0%","5.2177"
"wordle 1879 answer","121","0","0%","4.1901"
"phoodle hint today","120","17","14.17%","4.3416725"
"wordle 7/13/26","119","0","0%","5.47057731092437"
"wordle 7/9/26","117","2","1.71%","3.0427"
"Wordle answer June 11 2026","117","1","0.85%","8.359025641025642"
"wordle 7/24/26","116","1","0.86%","6.7068896551724135"
"searchle","116","0","0%","8.81033448275862"
"clue for today's wordle","115","2","1.74%","7.365214782608694"
"wordle answer august 12 2026","114","4","3.5100000000000002%","4.526354385964913"
"wordle 7/25/26","114","1","0.88%","8.649126315789474"
"wordle 7/14/26","113","1","0.88%","5.9292"
"wordle hints august 8 2026","112","0","0%","5.7857"
"wordle today july 17","112","0","0%","4.1071"
"today's wordle answers","111","8","7.21%","3.70270990990991"
"wordle 8/1/26","110","0","0%","6.0819"
"pshaw wordle","110","0","0%","7.03634909090909"
"wordle 6/17/26","109","1","0.92%","4.0092"
"wordle answer july 2 2026","109","2","1.83%","5.477046788990827"
"wordle july 6 2026","109","2","1.83%","4.926579816513762"
"wordle answer july 3 2026","106","2","1.8900000000000001%","5.000007547169812"
"wordle 6/12/26","106","0","0%","5.3396"
"wordle 8/2/26","106","1","0.9400000000000001%","8.122581132075473"
"wordle answer june 28 2026","104","0","0%","7.144216346153846"
"todays wordle word","104","2","1.92%","7.413484615384617"
"wordle 5 letters solver","104","0","0%","8.605773076923075"
"wordle 6/26/26","104","1","0.96%","4.096142307692308"
"twixtle","104","0","0%","8.365402884615385"
"wordle #1875 answer","103","0","0%","5.3688757281553405"
"wordle 7/28/26","103","1","0.97%","4.805817475728156"
"wordle august 2 2026","101","2","1.98%","6.445576237623762"
"wordle today july 29 2026","101","1","0.99%","6.8119"
"spotle solver","99","57","57.58%","2.232321212121212"
"wordle solution july 30 2026","99","2","2.02%","5.495"
"wordle for today","97","1","1.03%","8.443303092783506"
"wordle 5 letter solver tool","96","0","0%","6.906259375"
"wordle 7/27/26","96","4","4.17%","6.770864583333334"
"wordle answer august 6 2026","94","1","1.06%","4.787282978723404"
"5 letter word finder wordle","93","0","0%","7.623651612903226"
"wordle clue june 16 2026","93","0","0%","6.8065"
"wordle 7/29/26","93","0","0%","8.946277419354839"
"wordle 6/15/26","92","0","0%","4.4130706521739125"
"wordle solver 5 letters today","92","0","0%","8.336971739130435"
"wordle past answers by date","92","0","0%","6.586973913043478"
"wordle answers history","91","0","0%","6.120857142857143"
"wordle 6/14/26","90","3","3.33%","3.855557777777778"
"wordle answer july 11 2026","90","2","2.22%","6.222246666666667"
"onepiecedle answers today","90","2","2.22%","5.533329999999999"
"wordle 7/7/26","89","3","3.37%","5.5393"
"wordle 7/18/26","89","1","1.12%","6.8876"
"wordle today july 28 2026","89","2","2.25%","4.3708"
"waffle word game archive","89","1","1.12%","5.820214606741573"
"wordle answer july 10 2026","87","1","1.1500000000000001%","7.1035"
"wordle hints june 25 2026","87","0","0%","6.609165517241379"
"5 words to solve wordle","87","0","0%","9.42529540229885"
"wordle hints june 27 2026","86","0","0%","4.9535"
"Wordle answer June 19 2026","86","1","1.16%","4.325532558139535"
"wordle answer august 5 2026","85","0","0%","5.129458823529411"
"wordle helper 5 letters","85","0","0%","8.117625882352941"
"wordle 6/27/26","84","8","9.52%","4.595222619047619"
"wordle answer august 4 2026","84","4","4.76%","6.761882142857143"
"wordle answer july 29 2026","84","3","3.5700000000000003%","5.0714547619047625"
"smashdle answers","82","2","2.44%","6.3414524390243905"
"wordle of the day","82","0","0%","7.926826829268293"
"wordle hint 8/7/26","82","2","2.44%","6.5853"
"wordle 8/6/26","82","2","2.44%","5.353685365853659"
"wordle solve 5 letters","82","0","0%","8.012185365853659"
"wordle 6/18/26","82","0","0%","8.7683"
"wordle solver 5 letters immediatly","81","0","0%","4.308662962962964"
"6 letter wordle solver","80","1","1.25%","5.450021250000001"
"wordle june 22 2026 clues","80","1","1.25%","7.15"
"4 letter wordle solver","79","1","1.27%","7.1772303797468355"
"narutodle answers","78","5","6.41%","6.1282"
"wordle today june 19 2026","78","0","0%","4.1026"
"betweenle answer today","77","40","51.95%","3.324681818181818"
"wordle july 3","77","4","5.19%","2.84417012987013"
"wordle today july 4 2026","77","0","0%","3.8961"
"wordle 1872 answer","77","0","0%","7.5585"
"wordle answer today 12 2019","77","0","0%","6.03896883116883"
"wordle june 20 solution","75","0","0%","5.32"
"site:wordsolverx.com","75","7","9.33%","9.253338666666666"
"wordle today june 26","73","6","8.22%","3.137"
"wordle 6/29/26","72","7","9.72%","2.666684722222222"
"wordle solution july 2 2026","72","0","0%","7.180499999999999"
"wordle august 12 2026","71","1","1.41%","7.92961690140845"
"fibble","70","0","0%","8.114294285714287"
"wordle today august 1 2026","69","8","11.59%","1.8841"
"phoodle","68","0","0%","9.161767647058824"
"wordle today july 5 2026","68","2","2.94%","4.17644705882353"
"pokedle answers","68","1","1.47%","7.23529705882353"
"wordle word today answer","67","1","1.49%","6.492555223880597"
"what is the wordle for today","67","1","1.49%","7.388037313432837"
"wordle 15 july","67","1","1.49%","6.3283"
"wordle answer july 30 2026","66","2","3.0300000000000002%","6.1514999999999995"
"wordle clue today","66","0","0%","9.030281818181818"
"wordle today june 28","65","0","0%","7.5538"
"wordle answer august 3 2026","65","5","7.69%","3.9692569230769235"
"weaver","65","0","0%","7.184618461538462"
"wordle july 25 2026","64","1","1.56%","6.9531109375"
"wordle 1879","63","2","3.17%","6.492120634920635"
"wordle aug 3","63","1","1.59%","7.460338095238096"
"wordle answer july 28 2026","62","4","6.45%","5.41938064516129"
"wordle july 28 2026","61","0","0%","6.737727868852459"
"wordle 1875","61","1","1.6400000000000001%","6.6885360655737705"
"wordle answer august 7 2026","61","1","1.6400000000000001%","5.590137704918033"
"wordle june 24 2026","60","0","0%","5.7"
"wordle 7/19/26","59","0","0%","7.966100000000001"
"todays colordle","59","7","11.86%","5.677974576271186"
"wordle answer june 27 2026","59","1","1.69%","5.033891525423728"
"wordle 8/9/26","59","0","0%","4.8813"
"wordle answer july 7 2026","59","0","0%","6.8475"
"wordle solve 19-4-26","58","0","0%","5.2241431034482755"
"wordle 8/13/26","58","1","1.72%","5.069"
"wordle 7/26/26","58","1","1.72%","6.689655172413793"
"wordle puzzle answer today","58","0","0%","9.431"
"today's wordle word","57","3","5.26%","5.719308771929825"
"wordle answer august 8 2026","57","2","3.5100000000000002%","4.754347368421052"
"narutodle answers today","57","1","1.75%","6.859656140350878"
"waffle archives","57","6","10.53%","3.1403596491228067"
"wordle august 8 2026","57","0","0%","5.491247368421051"
"wordle june 26","55","1","1.82%","4.236358181818182"
"wordle 7/15/2026","55","1","1.82%","6.3818"
"wordle","55","0","0%","8.8364"
"wordle puzzle august 12 2026","55","2","3.64%","3.5455"
"wordle today june 27 2026","54","1","1.85%","4.481485185185186"
"wordle 1871","54","1","1.85%","5.037050000000001"
"wordle clue july 27 2026","54","0","0%","7.5185"
"wordle 8/10/26","54","0","0%","3.7593"
"wordle answer july 17 2026","54","3","5.5600000000000005%","7.185194444444444"
"wordle today july 3 2026","54","0","0%","5.963"
"wordle answer july 23 2026","53","2","3.77%","5.754764150943396"
"wordle answer july 31 2026","52","0","0%","5.692300000000001"
"worlde answer today","52","0","0%","7.076924999999999"
"kanoodle solver","52","8","15.38%","2.576913461538462"
"wordle 21 july 2026","51","0","0%","3.803901960784314"
"wordle 1873","51","0","0%","6.000035294117647"
"wordle july 8 answer","51","0","0%","4.3137"
"solve 5 letter wordle","51","0","0%","7.4902"
"contexto today","51","0","0%","8.372564705882352"
"Wordle answer June 23 2026","49","0","0%","4.224471428571428"
"wordle history","49","1","2.04%","8.775526530612245"
"wordle june 26 2026","49","2","4.08%","3.7958938775510207"
"wordle 1853","49","0","0%","5.632646938775511"
"Wordle answer June 16 2026","49","0","0%","5.612228571428571"
"wordle 7/16","49","0","0%","4.8571"
"wordle 29 july 2026","48","2","4.17%","3.2708333333333335"
"wordle answer today july 15","48","3","6.25%","2.249975"
"wordle august 3","47","0","0%","6.404280851063831"
"wordle august 6 2026","47","0","0%","6.44677659574468"
"7/15/26 wordle","47","0","0%","3.1490000000000005"
"wordle answer june 30 2026","47","2","4.26%","6.765985106382978"
"wordle 1854","46","0","0%","6.826095652173914"
"wordle answer july 16 2026","46","3","6.5200000000000005%","6.499986956521739"
"wordle answer june 25 2026","46","1","2.17%","4.217434782608696"
"june 6 2021 wordle","46","0","0%","6.282606521739131"
"wordle solution july 28 2026","45","0","0%","5.2444"
"wordle answer august 10 2026","45","0","0%","5.777737777777777"
"wordle august 1 2026","45","0","0%","7.066708888888888"
"wordle 22 july 2026","45","1","2.22%","4.977773333333333"
"wordle june 23 answer","45","0","0%","7.6667"
"wordle july 4 2026","45","1","2.22%","5.333308888888889"
"wordle answer today uk","44","2","4.55%","7.409081818181818"
"wordle july 2","44","1","2.27%","6.8409545454545455"
"colordle help","44","17","38.64%","1.4772681818181816"
"wordle puzzle june 28 2026","44","0","0%","7.2044999999999995"
"wordle 1867","44","0","0%","6.886336363636364"
"today's colordle answer","44","10","22.73%","5.181820454545455"
"colordle answers","43","4","9.3%","5.60466046511628"
"wordle 1882","43","2","4.65%","4.2326"
"wordle 23 july 2026","43","4","9.3%","2.5116581395348834"
"wordle answer july 27 2026","43","1","2.33%","6.488332558139534"
"wordle clues for today's word","42","0","0%","7.857119047619048"
"wordle hint 7/4/26","42","0","0%","7.4048"
"wordle 6/16/26","42","0","0%","6.023771428571429"
"wordle hint 8/4/26","42","0","0%","7.785700000000001"
"wordle hint 8/8/26","41","3","7.32%","3.8292000000000006"
"pshaw","41","0","0%","9"
"wordle hint 7/2/26","41","0","0%","7.048800000000001"
"wordle 6 july","41","3","7.32%","5.414651219512195"
"wordle answer july 1 2026","41","0","0%","6.7806"
"wordle 28 july 2026","40","3","7.5%","2.55"
"wordle answer july 9 2026","40","0","0%","7.75"
"wordle august 3 2026","40","1","2.5%","5.225"
"wordle july 10 2026 answer","40","0","0%","3.225"
"flume wordle","40","0","0%","2.525"
"spotle answer","40","0","0%","7.1249899999999995"
"wordle solution june 25 2026","40","1","2.5%","3.700005"
"wordle july 11 2026","40","0","0%","7.074979999999999"
"wordsolverx colordle solver","40","10","25%","6.150005"
"wordle today june 30 2026","39","0","0%","7.256399999999999"
"wordle 1870","39","2","5.13%","6.102548717948717"
"wordle puzzle july 28 2026","39","0","0%","6.1795"
"wonderword today's puzzle","39","0","0%","9.025646153846154"
"wordle for today answer","39","0","0%","7.256405128205128"
"semantle answer","38","6","15.790000000000001%","5.078957894736843"
"wordle today july 16","38","0","0%","7.552600000000001"
"phrazle","38","0","0%","10"
"wordle answer 8/7/26","38","3","7.890000000000001%","4.026307894736842"
"wordle july 20 2026","38","0","0%","8.052663157894738"
"phoodle answer today","38","10","26.32%","4.815789473684211"
"wordle answer july 25 2026","38","0","0%","7.0263526315789475"
"wordle answer july 3","37","0","0%","4.837832432432433"
"wordle answer july 5 2026","37","1","2.7%","7.054037837837837"
"wordle clue solver 5 letters","37","0","0%","5.675678378378379"
"whats the wordle today","36","0","0%","6.999955555555555"
"what is wordle today","36","0","0%","9.055580555555556"
"wordle hint 8/12/26","36","0","0%","6.75"
"wordle hint 8/5/26","36","1","2.7800000000000002%","4.7222"
"wordle 6/24","36","1","2.7800000000000002%","7.5"
"wordle 8/5/2026","36","0","0%","6.5556"
"wordle 14 august 2026","36","2","5.5600000000000005%","3.6944"
"wordle july 16 2026","36","0","0%","6.833349999999999"
"wordle answer june 20 2026","36","3","8.33%","2.8332777777777776"
"wordle answer july 21 2026","35","1","2.86%","7.228568571428571"
"wordle today july 10 2026","35","0","0%","5.5714"
"colordle hints today","35","4","11.43%","4.885731428571428"
"wordle 1874","35","0","0%","6.199985714285715"
"phrazle answer","35","2","5.71%","4.34286"
"wordle solution october 17","35","0","0%","7.828585714285714"
"wordle 2 july","35","0","0%","6.4286"
"colordle ryan tanen","35","1","2.86%","5.942862857142857"
"wordle hints august 11 2026","35","0","0%","8.628551428571429"
"wordle hint 8/3/26","35","0","0%","4.1429"
"10 letter wordle solver","34","2","5.88%","6.500017647058823"
"wordle hints august 3 2026","34","0","0%","7.0882"
"7/6/26 wordle","34","4","11.76%","2.3823588235294118"
"wordle today august 2 2026","34","1","2.94%","8.1176"
"wordle answer 7/15/26","34","0","0%","3.2647"
"wordle july 31 2026","34","1","2.94%","7.08820588235294"
"wordle 16th july","34","0","0%","7.764694117647059"
"all wordle answers","34","0","0%","8.647041176470589"
"wordle answer june 3 2026","34","0","0%","7.705899999999999"
"colordle day 1441","34","1","2.94%","5.1765"
"wordle 9 july 2026","34","0","0%","3.529352941176471"
"what was the wordle today","34","0","0%","8.647064705882354"
"wordle today july 15 2026","34","0","0%","6.0588"
"wordle 1880 answer","34","0","0%","5.941158823529413"
"wordle august 11 answer","34","0","0%","8.8529"
"wordle today august 4 2025","34","0","0%","7"
"wordle june 30 2026","34","0","0%","6.735329411764706"
"7/29/26 wordle","33","2","6.0600000000000005%","3.6363"
"wordle answer july 12 2026","33","0","0%","7.0909"
"wordle hints july 31 2026","33","0","0%","7.6061"
"colordle today","33","4","12.120000000000001%","5.9393939393939394"
"wordle today august 4 2026","33","0","0%","6.6666"
"wordle answer june 26 2026","33","1","3.0300000000000002%","4.484839393939394"
"wordle today august 10 2026","33","0","0%","5.515133333333334"
"wordle july 30 2026 answer","33","1","3.0300000000000002%","3.3636"
"wordle answer 6/19/26","33","2","6.0600000000000005%","4.2424"
"wordle july 3 2026 answer","33","0","0%","4.909"
"wordle 10 july","33","3","9.09%","5.363645454545455"
"wordle pshaw","33","0","0%","5.727266666666666"
"wordle july 26 2026","33","2","6.0600000000000005%","6.757603030303031"
"what's today's wordle","33","0","0%","7.909090909090909"
"wordle aug 8 2026","32","2","6.25%","6.875"
"wordle today july 17 2026","32","1","3.12%","5.96875"
"6/19/26 wordle","32","0","0%","5.8125"
"wordle 5 august 2026","32","2","6.25%","5.1875124999999995"
"spotle movies","32","0","0%","9.2813"
"wordle today's answer and clues","32","0","0%","8.4062"
"wordle 19 june 2026","32","0","0%","5.56246875"
"wordle answer august 9 2026","32","0","0%","6.5625"
"globle answer today hints","32","0","0%","14.125"
"wordle today 06-16-2026","32","0","0%","4.8438"
"wordle 30 july 2026","32","1","3.12%","5.96875"
"8/7/26 wordle","32","0","0%","3.3437"
"wordle aug 7 2026","31","1","3.23%","5.871"
"spotle movie","31","0","0%","8.741967741935483"
"wordle july 31 2026 answer","31","0","0%","3.0645"
"soundmap artist guesser","31","2","6.45%","4.193545161290323"
"wordle answer august 7 2025","31","1","3.23%","8.2903"
"wordle august 11 2026","31","0","0%","7.129048387096775"
"12 16 25 wordle answer","31","0","0%","9.451625806451613"
"wordle today june 24","30","0","0%","7.2"
"wordle 5 july 2026","30","1","3.33%","5.833306666666667"
"wordle today august 9 2025","30","0","0%","3.8"
"wordle 14 august","30","3","10%","5.2"
"wordle june 25 2026 clue","30","0","0%","3.4667"
"past wordle answers by date","30","0","0%","8.766666666666667"
"wordle answer june 13","30","0","0%","5.6334"
"7/5/26 wordle","30","0","0%","8.2"
"wordle august 4","30","1","3.33%","7.799993333333333"
"wordle 12 august 2026","30","0","0%","5.833349999999999"
"wordle 7-2-26","30","5","16.67%","3.2"
"wordle answer july 15 2026","30","1","3.33%","5.8"
"wordle hint 8/11/26","30","0","0%","5.6333"
"wordle today july 8 2026","30","0","0%","7.3"
"8/5/26 wordle","30","1","3.33%","5.2"
"wordle 3 july","30","2","6.67%","3.2"
"wordle 8/7/2026","30","0","0%","3.3"
"7/4/26 wordle","30","0","0%","2.4667"
"wordle june 13 answer","29","0","0%","5.9311"
"today's wordle answer oct 17","29","0","0%","8"
"wordle 7-16-26","29","0","0%","4.4138"
"wordle answer july 29","29","1","3.45%","5.068944827586207"
"wordle answer july 4 2026","29","0","0%","3.931"
"wordle hint 7/21/26","29","0","0%","8.3104"
"semantle answer today","29","7","24.14%","3.310348275862069"
"6/24/26 wordle","29","2","6.9%","6.9655"
"wordle today june 15 2026","29","2","6.9%","4.5172310344827595"
"wordle hints for today's word","29","0","0%","9.241375862068965"
"wordle june 19 answer","29","0","0%","4.6207"
"wordle hints 8/5/26","29","1","3.45%","6.2069"
"wordle analysis","28","6","21.43%","3.8928607142857143"
"wordle july 16","28","0","0%","8.071414285714285"
"wordle answer june 26 2025","28","1","3.5700000000000003%","6.9643"
"wordle 1879 hints and answer","28","0","0%","5.1429"
"wordle hints august 12 2026","28","0","0%","8.5357"
"wordle today august 11 2026","28","1","3.5700000000000003%","3.5357"
"wordle puzzle june 24 2026","28","0","0%","6.6428"
"wordle aug 5 2026","28","0","0%","6.6785"
"wordle hint 7/17/26","28","0","0%","8.4643"
"Wordle June 30 2026 answer","28","0","0%","8.8929"
"wordle today july 9 2025","28","0","0%","8.2857"
"wordle june 21 2026 answer","28","0","0%","6.7143"
"wordle 8/4","28","1","3.5700000000000003%","5.9643"
"today's wordle answer july 15","28","3","10.71%","2.2143"
"wordle 7/30/26","28","0","0%","7.035717857142857"
"onepiecedle today","28","0","0%","7.499982142857143"
"wordle july 27 2026","27","0","0%","7.0370481481481475"
"wordle answer june 24","27","0","0%","7.296255555555555"
"what is the wordle of the day","27","0","0%","8.111144444444445"
"wordle today august 12 2026","27","1","3.7%","3.2963"
"wordle hints august 2 2026","27","0","0%","7.6296"
"wordle answer 6/24/26","27","1","3.7%","3.5924999999999994"
"wordle july 2026","27","0","0%","6.444477777777778"
"wordle june 16 2026","27","1","3.7%","5.5926"
"wordle hints today oct 17","27","0","0%","8.29631111111111"
"wordle answer july 16","27","0","0%","6.185133333333334"
"wordle answer july 6 2026","27","0","0%","8.2222"
"wordle answer august 14","26","0","0%","5.5385"
"wordle 7/1/2026","26","0","0%","7"
"wordle clue july 29 2026","26","0","0%","7.2693"
"wordle 6-13-26","26","2","7.69%","3.576942307692308"
"wordle answer finder 5 letters","26","0","0%","5.076938461538462"
"wordle 12 august","26","1","3.85%","6.769230769230769"
"wordle 7/2/2026","26","0","0%","3.7308"
"wordle 7-5-26","26","1","3.85%","4.6538"
"wordle 8/5","26","0","0%","5.5"
"7/16/26 wordle","26","1","3.85%","3.8846"
"wordle answer list 2021","26","0","0%","9.076923076923078"
"wordle 7-4-26","26","1","3.85%","2.4616"
"wordle 7-15-26","26","0","0%","6.9231"
"wordle 8/4/2026","26","0","0%","7.7692"
"wordle 7-22-26","26","1","3.85%","6.8462"
"6/22/26 wordle","26","0","0%","6.692300000000001"
"wordle 7/21/2026","26","0","0%","5.9231"
"wordle answer 8/5/26","26","1","3.85%","2.6923"
"privy wordle","25","0","0%","5.84"
"7/23/26 wordle","25","4","16%","4.2"
"what was today's wordle answer","25","0","0%","4.2"
"searchle answer","25","5","20%","4.919976"
"answer to todays wordle","25","2","8%","5.960032"
"wordle 8 july 2026","25","1","4%","5.839983999999999"
"wordle 1880","25","0","0%","6.36"
"wordle 7/16/2026","25","0","0%","6.36"
"wordle today july 11 2026","25","0","0%","6.28"
"wordle 7/4/2026","25","0","0%","5.84"
"wordle hints 8/7/26","25","2","8%","4.84"
"wordle hint 6/24/26","25","0","0%","7.88"
"wordle 15th july","25","0","0%","7.08"
"wordle hint 8/1/26","25","0","0%","8.08"
"wordle answer 7/16/26","25","3","12%","2.56"
"wordle answer august 14 2026","25","1","4%","5.72"
"colordle of the day","25","0","0%","6.399992"
"wordle solution july 31 2026","25","0","0%","6.4"
"wordle today july 16 2026","25","0","0%","3.12"
"wordle hint 7/3/26","25","0","0%","5.6"
"wordle july 24","25","0","0%","5.799976"
"wordle 7-1-26","25","0","0%","3.999936"
"wordle june 28 2026","24","0","0%","5.4166"
"colordle for today","24","3","12.5%","4.708341666666667"
"wordle 2 july 2026","24","0","0%","4.3334"
"wordle june 20 2026 answer and hints","24","0","0%","3.8333999999999997"
"wordle answer july 6","24","1","4.17%","5.333329166666666"
"nyt wordle 5/7/2026 #1783","24","0","0%","6"
"wordle hint 7/9/26","24","0","0%","7.375"
"wordle july 15 solution","24","0","0%","6.375"
"wordle today june 13","24","0","0%","6.499950000000001"
"wordle solution july 5 2026","24","0","0%","3.9583333333333335"
"wordle 7-6-26","24","0","0%","4.1667"
"7/17/26 wordle","24","2","8.33%","3.5833999999999997"
"wordle 8/14/26","24","1","4.17%","4.5833"
"wordle solution august 4 2026","24","0","0%","8.25"
"wordle 7/15/26 answer","24","1","4.17%","6.25"
"wordle hint 6/13/26","23","0","0%","6.9565"
"wordle 7/11/2026","23","0","0%","6.217399999999999"
"wordle today august 6 2025","23","0","0%","5.6522"
"8/3/26 wordle","23","1","4.3500000000000005%","3.4783"
"wordle hints 7/4/26","23","1","4.3500000000000005%","6.217399999999999"
"wordle july 21 2026","23","1","4.3500000000000005%","5.7391000000000005"
"wordle today june 24 2026","23","0","0%","8.6087"
"wordle hints 8/8/26","23","1","4.3500000000000005%","4.3044"
"wordle answer for october 19 2025","23","0","0%","6.956521739130435"
"wordle answer june 23","23","0","0%","6.9565"
"wordle hints august 4 2026","23","0","0%","8.5652"
"7/25/26 wordle","23","0","0%","4.6087"
"wordle today august 7 2025","23","0","0%","6.9565"
"wordle 4 july","23","0","0%","6.04344347826087"
"wordle july 1 2026","23","1","4.3500000000000005%","5.4783"
"wordle hint 7/12/26","22","0","0%","8.0909"
"wordle 6/30/2026","22","0","0%","7.409099999999999"
"wordle answer 7/24/26","22","2","9.09%","3.5"
"wordle june 24 2026 answer","22","0","0%","5.6818"
"wordle answer july 17","22","0","0%","5.36365"
"wordle today july 31 2026","22","1","4.55%","2.6364"
"butte wordle","22","1","4.55%","1.9546"
"wordle hints 7/2/26","22","0","0%","5.909099999999999"
"spotle music answer","22","0","0%","7.45455"
"wordle august 11 2026 hints","22","0","0%","7.9544999999999995"
"wordle word for 28 6 26","22","0","0%","8"
"july 15 wordle answer","22","0","0%","5.3636"
"colordle day 1441 answer","22","1","4.55%","4.3181"
"7/2/26 wordle","22","0","0%","3.2727"
"wordle answer 8/11/26","22","1","4.55%","3.3636"
"wordle today july 30 2026","22","0","0%","2.3636"
"wordle answer august 11 2026","22","0","0%","7.681799999999999"
"wordle hints 8/3/26","22","0","0%","5.1364"
"wordle pro solver","22","0","0%","8.4545"
"8/2/26 wordle","22","4","18.18%","2.4545"
"colordle hint today","22","3","13.64%","6.818145454545455"
"wordle today june 20 2026","22","0","0%","2.0454"
"july 16 wordle","22","0","0%","7"
"wordle today july 7 2026","22","2","9.09%","5.2727"
"wordle 7/31/26","22","0","0%","8.8182"
"worlde answer","22","0","0%","8.09095"
"wordle hint 8/6/26","22","0","0%","4.7273"
"colordle day 1433 answer","22","0","0%","4.2727"
"what is the globle today","21","2","9.52%","2.4285666666666663"
"wordle 8-1-26","21","0","0%","5.9524"
"wordle 6/26/2026","21","1","4.76%","3.0476"
"wordle july 5 2026","21","0","0%","7.4762"
"wordle answer 7/14/26","21","3","14.290000000000001%","4.3333"
"7/1/26 wordle","21","2","9.52%","4.0952"
"wordle 7-11-26","21","0","0%","3.8095"
"wordle 8/12/2026","21","0","0%","6.6667"
"july 15th wordle answer","21","1","4.76%","3.9047"
"pokedle answers today","21","1","4.76%","7.285714285714286"
"wordle solution august 6 2026","21","0","0%","4"
"wordle 1881 answer","21","1","4.76%","4.9047"
"colordle day 1449 answer","21","2","9.52%","5.9524"
"july 31 2026 wordle","21","0","0%","6.6667"
"wordle today june 14 2026","21","0","0%","5"
"wordle hint 8/2/26","21","0","0%","6.0476"
"wordle 8 august","21","1","4.76%","2.9523571428571427"
"wordle today august 8 2026","21","0","0%","2.5238"
"wordle 1866 answer","21","0","0%","7.238133333333333"
"wordle answer 7/21/26","21","0","0%","3.6190999999999995"
"wordle answer 25 july","21","1","4.76%","3.5238000000000005"
"wordle answer july 26 2026","21","0","0%","6.857199999999999"
"wordle 6-24-26","21","1","4.76%","3.2856999999999994"
"todays globle answer","21","1","4.76%","3.9524"
"wordle 8-5-26","21","1","4.76%","4.0952"
"wordle june 17 2026","21","0","0%","4.6667"
"wordle answer 7/22/26","21","0","0%","4.2381"
"wordle 7/29","21","0","0%","8.9524"
"wordle answer august 2 2026","21","0","0%","3.6190999999999995"
"wordle 7/25/2026","20","1","5%","6.75"
"colourdle","20","1","5%","6.75003"
"7/12/26 wordle","20","0","0%","5.35"
"august 12 2026 wordle answer","20","0","0%","3.5"
"lightout solver","20","8","40%","3.5000050000000003"
"wordle hint 7/15/26","20","1","5%","8.4"
"wordle 11 august 2026","20","0","0%","5.95"
"wordle hints today july 16","20","0","0%","8.4"
"wordle august 14 2026","20","1","5%","6.4"
"wordle today july 6 2026","20","2","10%","5.85"
"Wordle answer June 17 2026","20","0","0%","6.35"
"wordle 7/17/2026","20","0","0%","6.15"
"wordle hints 8/4/26","20","0","0%","6.85"
"solve wordle 5 letters","20","0","0%","8.39996"
"wordle 25 july 2026","20","0","0%","6.05"
"wordle 21 july","20","0","0%","6.45"
"wordle june 13 2026","20","0","0%","5"
"wordle august 5 2026 answer","20","1","5%","5.15002"
"wordle answer 8/8/26","20","6","30%","1.75"
"wordle 7/6/2026","20","0","0%","6.9"
"july 21 wordle answer","19","0","0%","4.5263"
"phoodle hint","19","4","21.05%","4.736815789473684"
"colordle day 1438 answer","19","0","0%","7.3158"
"smashdle answers today","19","3","15.790000000000001%","5.052642105263158"
"colordle day 1439 answer","19","0","0%","5.7368"
"wordle 31 july 2026","19","0","0%","5.999984210526316"
"wordle answer 7/17/26","19","0","0%","2.6316"
"wordle 22 june","19","0","0%","7.105199999999999"
"wordle 3 august 2026","19","1","5.26%","3"
"wordle answer 19 june 2026","19","1","5.26%","3.1579"
"wordle answer 8/4/26","19","1","5.26%","4"
"wordle 5 letter solver cheat","19","0","0%","7.7368"
"wordle 16 july 2026","19","0","0%","4.1579"
"wordle 17 july 2026","19","0","0%","4.3158"
"is flume a wordle word","19","0","0%","2.5789"
"globle anwer today","19","0","0%","9.8947"
"wordle solution august 12 2026","19","2","10.53%","3.8946999999999994"
"wordle 27 july 2026","19","1","5.26%","6.210515789473684"
"wordle june 22 2026","19","0","0%","5.1053"
"july 2 wordle answer","19","0","0%","3.7369"
"wordle 30 june","19","1","5.26%","6.3158"
"colordle day 1438","19","0","0%","7.3158"
"colordle answer march 12","19","1","5.26%","6"
"today's wordle june 11 2026","19","0","0%","8.3684"
"wordle aug 11 2026","19","0","0%","8.0526"
"wordle 7-3-26","19","0","0%","4.0527"
"wordle 30 june 2026","19","0","0%","4.4211"
"wordle hints 8/11/26","19","0","0%","7.2631"
"poser wordle","19","0","0%","7.1053"
"wordle hint 7/6/26","19","0","0%","8.3158"
"wordle july 13","18","0","0%","5.7778"
"wordle solutions for september 1 to30 2026","18","1","5.5600000000000005%","6.9444"
"wordle answer 8/3/26","18","0","0%","3.3333"
"globle today","18","3","16.67%","3.5"
"todays colordle answer","18","5","27.78%","4.555555555555555"
"wordle 15 june 2026","18","1","5.5600000000000005%","4.166666666666667"
"colordle day 1449","18","1","5.5600000000000005%","6.5"
"7/10/26 wordle","18","0","0%","5.7778"
"wordle june 14 2026","18","1","5.5600000000000005%","5.2222"
"quordle archive","18","10","55.56%","4.222227777777778"
"wordle hint 6/25/26","18","0","0%","8.1667"
"wordle answer 15 july 2026","18","3","16.67%","2.8889"
"wordle july 6","18","0","0%","5.2777"
"wordle 6/28","18","0","0%","8.1667"
"colordle day 1427","18","3","16.67%","5.1667"
"wordle 1874 answer","18","0","0%","4.8889"
"wordle today august 11 2025","18","0","0%","6.9445"
"wordle answer 6/30/26","18","0","0%","4.1667"
"6/28/26 wordle","18","0","0%","6.5"
"wordle answer 7/3/26","18","0","0%","3.3889"
"wordle 6-22-26","18","0","0%","6.2778"
"wordle today july 16 2025","18","0","0%","6.5556"
"wordle hints 7/16/26","18","0","0%","7.222199999999999"
"feign wordle","18","4","22.22%","1"
"coloradle","18","0","0%","9.8889"
"wordle today july 21 2026","18","0","0%","6.6111"
"wordle 7-23-26","18","0","0%","4.6667"
"wordle answer 7/6/26","18","1","5.5600000000000005%","2.4444333333333335"
"wordle june 30","18","0","0%","5.8333"
"Wordle answer June 22 2026","18","1","5.5600000000000005%","3.8889000000000005"
"wordle 15 july 2026","18","3","16.67%","5.1111"
"wordle july 12 2026","18","0","0%","6.2778"
"wordle 7 july","18","1","5.5600000000000005%","6.944411111111112"
"wordle today july 25 2026","18","0","0%","5.8333"
"wordle 8/11","18","0","0%","8.5"
"wordle 13 july","17","4","23.53%","2.8824"
"wordle 8-6-26","17","1","5.88%","3.2353"
"wordle aug 6 2026","17","0","0%","3.3529"
"wordle answer 8/1/26","17","0","0%","3.5294"
"wordle 6/20/2026","17","2","11.76%","3.7059"
"phoodle hint july 25","17","0","0%","5"
"wordle answer 7/25/26","17","0","0%","2.7647"
"wordle today august 9 2026","17","0","0%","6.7647"
"all wordle answers 2025 december","17","0","0%","1"
"wordle 1881","17","0","0%","6.5294"
"12 letter wordle","17","1","5.88%","8.294117647058824"
"7/21/26 wordle","17","0","0%","3.2941"
"8/12/26 wordle","17","3","17.650000000000002%","5.1176"
"8/4/26 wordle","17","0","0%","7.5883"
"clack wordle","17","0","0%","4.8823"
"wordle today july 22 2026","17","0","0%","5.1765"
"wordle 1867 hints and answer","17","0","0%","6.8236"
"wordle august 13 2026","17","0","0%","8.2353"
"wordle 6/24/2026","17","0","0%","4.1765"
"wordle answer july 14 2026","17","0","0%","8.4118"
"wordle august 5 2026","17","2","11.76%","3.8236"
"wordle 4 august 2026","17","2","11.76%","5.1177"
"wordle 8/2/2026","17","0","0%","5.9412"
"wordle 6-19-26","17","0","0%","6.2942"
"wordle 7/29/2026","17","0","0%","8.5294"
"wordle hint 6/15/26","17","0","0%","7"
"wordle 6/24/26 answer","17","3","17.650000000000002%","4.7647"
"wordle 13 june 2026","17","0","0%","4.7059"
"wordle june 26 solution","17","0","0%","3.1177"
"lorry wordle","17","0","0%","8.9412"
"wordle 15th july 2026","17","1","5.88%","7.1765"
"wordle 7-8-26","17","0","0%","4.4706"
"july 16 2026 wordle solution","17","0","0%","6.0588"
"one piecedle answer","17","0","0%","5.235294117647059"
"wordle july 17","17","0","0%","5.2353"
"wordle answer august 13 2026","17","0","0%","8"
"wordle answer july 2","16","0","0%","3.8125"
"wordle of the day answer may 8 2026","16","0","0%","7.1875"
"what was today's wordle","16","1","6.25%","8.125"
"wordle 1872","16","0","0%","9.6875"
"wordle hint 6/12/26","16","0","0%","6.9375"
"wordle hint 6/17/26","16","0","0%","8.25"
"wordle answer 6/28/26","16","0","0%","3.125"
"wordle june 26 2025","16","0","0%","9.25"
"colordle answer may 18 2026","16","0","0%","7.5"
"wordle answer 7/23/26","16","0","0%","3.4375"
"wordle 6/12/2026","16","0","0%","4.9375"
"wordle answer 7/2/26","16","1","6.25%","2.625"
"wordle june 15 2026","16","1","6.25%","3.8125"
"wordle 28 june","16","3","18.75%","6.75"
"wordle today august 7 2026","16","0","0%","3.3125"
"wordle hints 7/28/26","16","0","0%","6.5"
"wordle 6/25/2026","16","0","0%","5.5625"
"7 words hangman est","16","0","0%","6"
"wordle answer 7/29/26","16","1","6.25%","5.625"
"wordle answer 7/5/26","16","1","6.25%","3.875"
"5 letter wordle solver free","16","0","0%","9.0625"
"demur wordle","16","0","0%","6.4375"
"wordle hints 8/6/26","16","1","6.25%","4.25"
"wordle 8/11/2026","16","0","0%","6.5"
"todays worldle","16","0","0%","5.5625"
"wordle answer 7/11/26","16","0","0%","3.0625"
"wordle hints 6/25/26","16","0","0%","6.125"
"hardle","16","0","0%","9.375025"
"wordle hints july 3 2026","16","0","0%","7.9375"
"wordle solver 10 letters","16","5","31.25%","3.7499875"
"wordle today august 5","16","0","0%","6.5625"
"6/13/26 wordle","16","0","0%","6"
"wordle july 4","16","0","0%","6.125"
"7 letter wordle solver","16","2","12.5%","7.124981249999999"
"wordle 7/30/2026","16","0","0%","6.3125"
"wordle answer 14 august 2026","16","1","6.25%","3.375"
"july 21 2026 wordle solution","16","0","0%","5.875"
"wordle answer today 28 june","16","0","0%","8.1875"
"wordle answer july 8 2026","16","1","6.25%","6.31251875"
"colordle day 1435 answer","16","0","0%","5.625"
"wordle today august 11","16","0","0%","6.0625"
"7/22/26 wordle","16","0","0%","4.6875"
"colordle day 1442 answer","16","2","12.5%","6"
"colordle answer may 1","16","3","18.75%","5.8125"
"wordle june 25 2026","16","0","0%","5.6875"
"wordle answer today july 4","16","1","6.25%","3.25"
"wordle 7/9/2026","16","0","0%","6.8125"
"wordle answer june 25","15","0","0%","5.9334"
"wordle answer 7/1/26","15","0","0%","3.9334"
"wordle 8-3-26","15","1","6.67%","3.2666"
"today's wordle answer roblox","15","0","0%","4.2666"
"wordle hints june 19 2026","15","0","0%","6.9333"
"feb 25 colordle answer","15","0","0%","6.9333"
"wordle august 11 2026 answer","15","0","0%","3.2"
"july 28 wordle answer","15","0","0%","4"
"wordle 7-9-26","15","0","0%","4.2"
"8/1/26 wordle","15","0","0%","5.1333"
"7/3/26 wordle","15","0","0%","4.8666"
"wordle today july 6 2025","15","0","0%","7.1333"
"today's wordle answer june 25","15","0","0%","8.9333"
"wordle august 8 2026 hints","15","0","0%","6.3334"
"spotle archives","15","2","13.33%","5.6"
"wordle 16 july","15","0","0%","6.9333"
"wordle july 29 2026","15","0","0%","5"
"wordle 7/18","15","0","0%","7.2667"
"wordle today july 3 2025","15","0","0%","8.0667"
"discord wordle today","15","4","26.67%","2.2"
"wordle solution july 29 2026","15","0","0%","5.1334"
"wordle answer today august 25","15","0","0%","10"
"wordle 6-21-26","15","0","0%","4.2"
"colordle answer of thr day march 6","15","0","0%","4.3333"
"number waffle today","15","0","0%","7.86668"
"wordle today june 28 2026","15","0","0%","8.733300000000002"
"wordle 8-4-26","15","0","0%","5.4"
"wordle solution august 1 2026","15","0","0%","6.4"
"searchle may 17","15","1","6.67%","6.1333"
"wordle today 1867","15","0","0%","3.6"
"wordle 7-12-26","15","0","0%","3.8667"
"wordle hints 6/24/26","15","0","0%","7.7333"
"wordle answer august 4","15","0","0%","6.2667"
"8/11/26 wordle","15","0","0%","5.1333"
"2 25 2025 wordle answer","15","0","0%","8.3333"
"wordle 7-25-26","15","1","6.67%","8.2666"
"wordle clue august 4 2026","15","0","0%","7.8666"
"wordle answer list by date","15","0","0%","4.7334"
"wordle answer 24 june","15","0","0%","5.7333"
"wordle 11 july","15","2","13.33%","4.2"
"wordle july 24 2026","15","1","6.67%","4.7999"
"wordle 7/12/2026","15","0","0%","6.4667"
"wordle 24 june","15","0","0%","6.9333"
"colordle day 1435","15","0","0%","4.2"
"wordle 7-17-26","15","0","0%","6.2"
"wordle 8/7","15","0","0%","7.8"
"wordle august 7 2026 hints","15","0","0%","7.5333"
"wordle 1 august 2026","15","2","13.33%","3.2667"
"7/27/26 wordle","15","0","0%","5.5334"
"wordle solution june 22 2026","15","0","0%","5.6667"
"wordle july 14","15","0","0%","6.3333"
"wordle solution 1 21 25","15","0","0%","7.933346666666667"
"wordle 5/7/26","15","0","0%","8.3333"
"wordle 1867 solution","15","0","0%","6.2667"
"wordle answer today june 30","15","0","0%","4.6"
"wordle june 17","15","0","0%","7.2667"
"wordle hint 8/10/26","15","0","0%","7.1333"
"july 15 2026 wordle answer","15","0","0%","4.4667"
"answers to squaredle squaredle solver - google search","15","0","0%","8.8667"
"wordle 7/14/2026","15","0","0%","6.5334"
"wordle 26 july 2026","15","0","0%","3.6666533333333335"
"wordle answer august 2","15","0","0%","3.2667"
"wordle 8 august 2026","15","2","13.33%","3.4666"
"wordle 17 june 2026","14","1","7.140000000000001%","5.428571428571429"
"whats todays wordle answer","14","0","0%","5.928628571428571"
"wordle hints 8/9/26","14","0","0%","7"
"july 29 wordle answer","14","1","7.140000000000001%","6.4286"
"7/11/26 wordle","14","0","0%","5.6429"
"kanoodle puzzle game","14","1","7.140000000000001%","4.1428"
"colordle day 1422","14","2","14.290000000000001%","3"
"colordle answer march 3","14","0","0%","4.7858"
"wordle 25 july","14","0","0%","6.7143"
"wordle answer today 29 july","14","0","0%","4.3571"
"wordle 8/6","14","1","7.140000000000001%","6.0714"
"wordle puzzle august 6 2026","14","0","0%","4.9285"
"wordle 8-12-26","14","0","0%","6.0714"
"wordle answer june 26","14","0","0%","4.7143"
"wordle hints and answer july 20 2026","14","0","0%","7.5714"
"wordle clue july 2 2026","14","0","0%","6.8571"
"colordle answer day 1449","14","0","0%","5.7143"
"wordle 7/24/2026","14","0","0%","6.7143"
"wordle 2 august 2026","14","1","7.140000000000001%","2.2857"
"spotle movies archive","14","5","35.71%","4.071414285714286"
"wordle answer 8/12/26","14","0","0%","5.3571"
"todays wordle july 6","14","0","0%","6.8572"
"wordle 6-25-26","14","2","14.290000000000001%","3.2143"
"wordle answer 23 july 2026","14","1","7.140000000000001%","4.3571"
"wordle june 16 2026 clues","14","0","0%","9.5714"
"wordle 7/23/2026","14","0","0%","5.6428"
"july 7 2026 wordle answer","14","0","0%","5.7143"
"nyt wordle today answer","14","0","0%","6.357142857142857"
"wordle puppy","14","4","28.57%","2.7143"
"wordle 6-30-26","14","0","0%","7.7143"
"wordle 7-20-26","14","0","0%","3.0714"
"wordle 20 july 2026","14","0","0%","6.5"
"wordle answer aug 7","14","0","0%","4.7857"
"wordle aug 4","14","0","0%","9.1429"
"wordle today june 21","14","0","0%","7.4286"
"wordle solution june 12","14","0","0%","8.2143"
"wordle august 9 2026","14","0","0%","8.5714"
"wordle answer 7/26/26","14","0","0%","4.0714"
"wordle answer today august 12","14","1","7.140000000000001%","3.5"
"puppy wordle","14","2","14.290000000000001%","5.5715"
"july 29th wordle answer","14","0","0%","6.3571"
"colordle 1435 answer","14","0","0%","3.2143"
"wordle puzzle august 8 2026","14","0","0%","4.5714"
"globle today answer","14","4","28.57%","6.357142857142857"
"wordle 19th june","14","0","0%","6.3571"
"posit wordle","14","0","0%","2.5714"
"wordle august 4 2026","14","0","0%","4.4286"
"wordle august 14 2026 answer","14","2","14.290000000000001%","3.1428"
"wordle hint 8/9/26","14","0","0%","5.5"
"narutodle resposta","14","0","0%","6.5"
"colordle day 1431 answer","14","0","0%","4.4286"
"wordle answer 28 june 2026","14","0","0%","6.7143"
"wordle answer 18 june 2026","14","0","0%","5.2143"
"wordle clue july 31 2026","14","0","0%","6.8572"
"wordle answer today mashable","14","0","0%","8.7857"
"wordle june 29 2026","14","0","0%","5.7143"
"wordle july 30 2026","14","0","0%","5.5714"
"wordle 22 july","14","0","0%","5.0714"
"worldle today","14","2","14.290000000000001%","4.428592857142857"
"wordle july 16 2026 answer","14","0","0%","2.3571"
"wordle 4th august","14","0","0%","7.8571"
"wordle answer 6/22/26","14","0","0%","3.5714"
"wordle hints 7/9/26","14","0","0%","8.1429"
"7/30/26 wordle","14","0","0%","2.8571"
"wordle today june 30 2025","14","0","0%","9.5"
"wordle today august 14","14","0","0%","3.8571"
"wordle answer 7/9/26","14","0","0%","2.7857"
"wordle today july 1","14","0","0%","9.1429"
"wordle aug 8","14","0","0%","6.2857"
"binance word of the day solver","14","0","0%","3.2142642857142856"
"wordle august 8 2026 answer","14","0","0%","3"
"wordle june 27 2026","14","0","0%","4.8572"
"wordle august 7 2026 answer","14","0","0%","6.7142"
"june 23 wordle answer","13","1","7.69%","6.923030769230769"
"7/7/26 wordle","13","1","7.69%","3"
"wordle answer today 29 june","13","0","0%","4.6923"
"wordle june 20","13","0","0%","6.4615"
"colordle day 1440 answer","13","1","7.69%","6.1538"
"discord wordle answer today","13","0","0%","6.076953846153846"
"wordle 7-29-26","13","0","0%","8.9231"
"wordle 1878","13","0","0%","7.8462"
"wordle 8-9-26","13","0","0%","4.0769"
"6/17/26 wordle","13","1","7.69%","3.7692"
"canuckle word game answer today","13","0","0%","8"
"wordle 1 july 2026","13","1","7.69%","4.3077"
"wordle hint 7/14/26","13","0","0%","8.6923"
"wordle answer june 19","13","0","0%","7.307699999999999"
"wordle august 2 2026 answer","13","0","0%","6.4615"
"what is today's wordle answer new york times","13","0","0%","6.307699999999999"
"wordle 14 july","13","0","0%","5.2308"
"wordle hint 7/18/26","13","0","0%","8.4615"
"6/21/26 wordle","13","0","0%","4.4616"
"wordle answer 16 july 2026","13","1","7.69%","2.4616"
"globle answer","13","0","0%","4.6923"
"wordle 11 july 2026","13","0","0%","6.153899999999999"
"wordle 29 june 2026","13","0","0%","4"
"wordle 9 july","13","0","0%","4.0769"
"wordle answer 8/13/26","13","0","0%","3.6923"
"2025 wordle word list","13","0","0%","6.5384"
"today show wordle","13","0","0%","5.6153"
"wordle answer today 17 july","13","0","0%","4.2308"
"wordle answer august 1 2026","13","0","0%","4.3077"
"wordle 8/10","13","0","0%","4.9231"
"wordle answer 6/23/26","13","5","38.46%","1.2308"
"wordle answer today 24 june","13","5","38.46%","2.230769230769231"
"wordle answer today july 16","13","0","0%","3.5384"
"july 17 wordle answer","13","0","0%","4.3846"
"nyt wordle july 16 2026","13","0","0%","7.692300000000001"
"colordle day 1511 answer","13","0","0%","6"
"wordle answer aug 3","13","0","0%","5.7692"
"wordle for 6/19/26","13","2","15.38%","3.1538"
"wordle 12 july","13","0","0%","4.3077"
"wordle answer 7/20/26","13","0","0%","3.0769"
"wordle of the day today","13","0","0%","7.6922"
"wordle 19 july 2026","13","1","7.69%","5.1538"
"7/28/26 wordle","13","0","0%","5"
"15 july wordle","13","0","0%","3.6154"
"squardle solver","13","0","0%","8.3846"
"wordle july 18 2026","13","0","0%","5.3846"
"wordle answer today 17 june","13","0","0%","5.692300000000001"
"wordle clue july 16 2026","13","0","0%","4"
"wordle puzzle june 23 2026","13","0","0%","5.461584615384615"
"colordle 1426","13","0","0%","5.2308"
"wordle solution july 6 2026","13","1","7.69%","4.076884615384616"
"wordle solution august 5 2026","13","0","0%","5.8462"
"wordle puzzle july 9 2026","13","0","0%","8.8462"
"wordle hints 8/12/26","13","0","0%","6.7692"
"wordle hint 8/13/26","13","0","0%","7.8462"
"wordle answer today june 22 2026","12","0","0%","3"
"what is the word for wordle today","12","0","0%","8.1667"
"wordle 10 letters solver","12","0","0%","1.9166999999999998"
"wordle answer 29 july 2026","12","2","16.67%","1.4166"
"wordle 7/26/2026","12","2","16.67%","5.6667"
"wordle june 19 solution","12","0","0%","6.5833"
"wordle answer 12 august 2026","12","0","0%","2.8333999999999997"
"colordle day 1509 answer","12","1","8.33%","6.6667"
"wordle answer 7/27/26","12","1","8.33%","3.25"
"wordle hints 6/17/26","12","0","0%","7.6667"
"wordle answer 16 july","12","0","0%","4.4167"
"wordle 26 july","12","1","8.33%","5.25"
"colordle  answer 1431","12","2","16.67%","4.5"
"wordle answer august 2 2026 mahabhar genyoutube","12","0","0%","6.75"
"colordle answer may 4","12","1","8.33%","6"
"waffle answer today 15 june 2026","12","0","0%","7.0833"
"wordle answer today 13 july","12","0","0%","4.0834"
"wordle 8-7-26","12","0","0%","3.75"
"today","12","0","0%","5.5833"
"wordle answer today 22 june","12","1","8.33%","4.1666"
"wordle 26 june","12","0","0%","4"
"wordle answer today july 4 2026","12","0","0%","2.6667"
"wordle july 29 2026 answer","12","0","0%","6.8333"
"colordle 1417","12","2","16.67%","5.0833"
"july 15 wordle","12","0","0%","6"
"march 6 colordle answer","12","0","0%","5.3333"
"nyt wordle answer july 30 2026","12","0","0%","2"
"8/13/26 wordle","12","0","0%","4.5"
"toddy wordle","12","0","0%","4.75"
"wordle june 12 2026","12","0","0%","6.1667"
"wordle today july 26 2026","12","0","0%","4.5834"
"wordle answer june 18","12","0","0%","7"
"wordle 7/20/2026","12","0","0%","6.25"
"wordle july 1 2026 solution","12","0","0%","4.75"
"wordle today july 12 2026","12","0","0%","5.1666"
"wordle answer 7-16-26","12","0","0%","2.3333"
"wordle 12 july 2026","12","0","0%","5"
"wordle 13 july 2026","12","0","0%","3.25"
"wordle 23 june","12","0","0%","6.0834"
"wordle 15 june","12","0","0%","7"
"wordle 1827 answer","12","0","0%","8.8333"
"what is today's wordle word","12","0","0%","7.0834"
"wordle 8/8/2026","12","0","0%","4.25"
"wordle 7/22/2026","12","0","0%","7.1667"
"colordle color of the day answers","12","0","0%","5.6667"
"semantle game","12","0","0%","4.1667"
"wordle hints 7/3/26","12","0","0%","4.25"
"colordle answer of the day 1438","12","1","8.33%","6.6667"
"wordle june 19","12","2","16.67%","7.1667"
"july 3 wordle answer","12","0","0%","5.75"
"what was the colordle for 2/22/2026","12","0","0%","7.3333"
"wordle unlimited today answer","12","0","0%","9.499975"
"jan 17 2026 wordle answer","12","0","0%","8.666708333333334"
"colordle day 1448","12","2","16.67%","7.5"
"wordle 7/21","12","0","0%","9.4166"
"wordle 07/08","12","0","0%","4.1667"
"wordle today august 4","12","0","0%","6.5833"
"wordle 7/26","12","0","0%","8.75"
"what is the colordle answer may 11 2026","12","0","0%","7.6667"
"ai hangman solver","12","0","0%","6"
"wordle answer 5 july","12","0","0%","3.8333"
"day 1438 colordle color","12","0","0%","7.3333"
"wordle solver five letters","12","0","0%","9"
"loldle answers today","12","0","0%","8.3334"
"reveal today's wordle answer","12","0","0%","9.6667"
"todays wordle august 2 2026","12","0","0%","5.4166"
"colordle answer february 9th 2026","12","0","0%","4.6667"
"colordle day 1424 answer","12","0","0%","7.3333"
"colordle day 1451","12","0","0%","6"
"wordle answer 21 july 2026","12","0","0%","2.9167"
"wordle answer august 8 2025","12","0","0%","6.9166"
"wordle july 22 2026","12","0","0%","5.4166"
"wordsolver letters","12","2","16.67%","5.5"
"wordle clue 6/24/26","12","0","0%","4.0833"
"phoodle hints july 5 2026","12","0","0%","4.8333"
"wordle 7/28/2026","12","0","0%","3.25"
"wordle 11 june 2026","12","0","0%","8.5833"
"wordle today june 12 2026","12","0","0%","3.6667"
"colordle answer for today 5/5","12","0","0%","6.3333"
"wordle 14 june","12","0","0%","6.0833"
"wordle game 1872 answer","12","0","0%","3.25"
"colordle day 1453","12","0","0%","4.1667"
"wordle flume","12","0","0%","3.6666000000000003"
"wordle answers by month","12","0","0%","6.75"
"wordle hints today july 15","12","0","0%","8.4167"
"wordle 5 letters solve","12","0","0%","6.8334"
"colordle answer may 14","12","0","0%","3.75"
"wordle july 12","12","1","8.33%","6.5833"
"is privy a wordle word","12","0","0%","1.8334"
"wordle 28 july","12","2","16.67%","3.8333"
"wordle answer 7/18/26","12","0","0%","2.6666"
"wordle clue july 5 2026","12","0","0%","5.5833"
"world answer today","12","0","0%","7.4167"
"wordle july 21, 2026","12","0","0%","8.6667"
"Wordle answer June 13 2026","12","3","25%","4"
"wordle answer 12 august","12","1","8.33%","4.5"
"wordle answer july 22 2026","12","0","0%","7.3333"
"wordle answer 4th august 2026","11","1","9.09%","2.7273"
"wordle 8-2-26","11","0","0%","6.090900000000001"
"wordle hint 7/20/26","11","0","0%","8.1818"
"wordle july 16, 2026","11","0","0%","8.2727"
"what is the colordle anwer today may 11","11","0","0%","5"
"wordle answer july 25, 2026","11","0","0%","6.4544999999999995"
"todays wordle july 20","11","0","0%","3.727290909090909"
"wordle clue august 12 2026","11","0","0%","4.1818"
"wordle clues july 17 2026","11","0","0%","6.7273"
"july 3rd wordle","11","0","0%","5.2727"
"colordle day 1434","11","0","0%","4.3636"
"gripe wordle","11","0","0%","3.8182"
"july 3 wordle","11","0","0%","8.4545"
"wordle answer 8/10/26","11","0","0%","2.7273"
"wordle 21 june 2026","11","0","0%","6.909099999999999"
"wordle 10 august 2026","11","1","9.09%","5"
"2nd letter of wordle today","11","1","9.09%","3.5455"
"colordle day 1438 answers","11","0","0%","7.090900000000001"
"what wordle today","11","0","0%","5"
"wordle august 14","11","0","0%","6.818200000000001"
"colordle today answer","11","1","9.09%","5.545454545454546"
"wordle 7-21-26","11","0","0%","6.1819"
"is poser a wordle word","11","0","0%","3.4545"
"todays wordle june 25","11","0","0%","5.5455"
"wordle answer 13 july","11","1","9.09%","2.0909"
"wordle answer today july 23 2026","11","0","0%","2.2727"
"wordle 7-24-26","11","0","0%","6.818200000000001"
"wordle 24 july 2026","11","1","9.09%","4.5455"
"wordle today june 19","11","0","0%","5.818200000000001"
"wordle answer august 8","11","1","9.09%","5.1818"
"minesweeper calculator","11","0","0%","6.727281818181819"
"wordle 1876","11","0","0%","7.2727"
"wordle july 25, 2026","11","0","0%","7.2727"
"wordle 21 june","11","0","0%","7.3636"
"wordle word for today","11","0","0%","8.8182"
"penal wordle","11","0","0%","2.0909"
"wordle 1873 answer","11","0","0%","5"
"wordle 8-8-26","11","0","0%","4.3637"
"wordle answer 7 october 2025","11","0","0%","9.1818"
"wordle answer 3/8/26","11","4","36.36%","1.3636"
"wordle answer today ny times","11","0","0%","7"
"today's wordle july 3 2026","11","0","0%","4.1818"
"wordle july 11","11","1","9.09%","6"
"wordle hint august 4 2026","11","0","0%","8.1818"
"8/8/26 wordle","11","2","18.18%","5.0909"
"wordle july 5","11","0","0%","6.7273"
"wordle 25 june","11","0","0%","5.5454"
"phoodle hint june 20 2026","11","1","9.09%","3.9091000000000005"
"wordle hints june 14 2026","11","0","0%","5"
"wordle solution june 27 2026","11","0","0%","2.5455"
"wordle answer 2 july 2026","11","3","27.27%","2.1818"
"today's wordle answer july 25","11","2","18.18%","2.1818"
"nyt wordle 8/5/2026 #1873","11","1","9.09%","3.1818"
"wordle 10th july","11","1","9.09%","4.0909"
"is shill a wordle word","11","0","0%","6.181799999999999"
"wordle answer august 1","11","0","0%","6.909099999999999"
"wordle 4 july 2026","11","0","0%","4.0909"
"july 10 wordle answer","11","0","0%","5.5455"
"wordle 13 june","11","0","0%","6.181799999999999"
"wordle today june 222026","11","1","9.09%","6.090900000000001"
"june 26 wordle answer","11","0","0%","4.5454"
"Wordle answer June 14 2026","11","0","0%","5.2727"
"mixolvidatuspesare","11","0","0%","1"
"todays wordle answer june 13","11","0","0%","5.2727"
"wordle hint august 8 2026","11","0","0%","2.9091000000000005"
"wordle today july 3","11","0","0%","4"
"wordle 14th august 2026","11","0","0%","4.4545"
"wordle answer today june 21","11","0","0%","5.1818"
"wordle finder 5 letters","11","0","0%","6.5455000000000005"
"wordle aug 3 2026","11","0","0%","7.090900000000001"
"spotle archive","11","6","54.550000000000004%","1.9091"
"wordle 7/5/2026","11","0","0%","8.9091"
"wordle july 8 2026 answer","11","0","0%","5.0909"
"wordle aug 12 2026","11","0","0%","7.909099999999999"
"wordle hints june 26","11","0","0%","8.7273"
"wordle august 7, 2026","11","0","0%","6.818200000000001"
"wordle hints 8/1/26","11","1","9.09%","6.6364"
"wordle 1864 answer","11","0","0%","6.818200000000001"
"wordle 3 august","11","0","0%","4.1818"
"phoodle hint june 17 2026","11","4","36.36%","2.3636"
"whats todays wordle june 16","11","1","9.09%","3"
"wordle june 11 2026","11","0","0%","9.3636"
"july 11 wordle","11","0","0%","6.4544999999999995"
"wordle answer august 12","11","0","0%","6"
"wordle answer today june 19","11","0","0%","3.2727"
"wordle hint aug 8 2026","11","0","0%","5.818200000000001"
"colordle day 1432","11","0","0%","3.9091000000000005"
"wordle answer july 4","11","0","0%","5.6364"
"wordle answer today 5 letters","11","0","0%","5.909099999999999"
"wordle july 17 2026","11","0","0%","6.1819"
"wordle 1877","11","0","0%","7"
"wordle answer today july 15 2026","11","0","0%","1.9091"
"5 letter wird solver wordle","11","0","0%","4"
"wordle today august 5 2026","11","0","0%","6.3636"
"wordle june 24","11","0","0%","7.3637"
"wordle word today june 24","11","0","0%","8"
"what is the wordle word today","11","0","0%","8.7273"
"wordle answer 6/18/26","11","0","0%","4.1818"
"word for wordle 10/8/2026","11","0","0%","1"
"4 letter word solver wordle","11","0","0%","7"
"wordle hints june 20 2026","10","0","0%","4.8"
"colordle 1419","10","1","10%","3.4998999999999993"
"wordle 13 august 2026","10","0","0%","4.1"
"wordle answer 9 july 2026","10","0","0%","2.7"
"wordle hints august 14 2026","10","0","0%","6.4"
"todays wordle july 21","10","0","0%","4.09998"
"is clack a wordle word","10","1","10%","3.7"
"今日wordle答案","10","4","40%","6.3"
"wordle 24 june 2026","10","0","0%","8.8"
"wordle answers by date","10","0","0%","9.7"
"colordle day 1420","10","1","10%","4.2"
"wordle 3 letters","10","0","0%","6.299989999999999"
"wordle answer 12 july","10","0","0%","2.9"
"colourdle answer today","9","5","55.56%","2"
"wordle answer 30th june 2026","9","2","22.22%","2.6667"
"colordle answer march 17","9","1","11.11%","4.2222"
"wordle july 9 2026","9","0","0%","6.3333"
"top smashdle","9","0","0%","7.555544444444444"
"wordle 6 august 2026","9","0","0%","2.6667"
"kanoodle online","9","2","22.22%","3.6666666666666665"
"wordle 7 august 2026","9","1","11.11%","6.1111"
"pokedle answer today","9","0","0%","7.333322222222222"
"wordle 10 july 2026","9","0","0%","7.333400000000001"
"wordle 14 july 2026","9","0","0%","3.8889000000000005"
"contexto answer today 2026","9","2","22.22%","6.444444444444445"
"semantle may 16 2026 answer","9","1","11.11%","5.8889000000000005"
"wordle 18 june","9","0","0%","5.8889"
"spotle answer june 9","9","2","22.22%","5.4444"
"wordle 16 june 2026","9","0","0%","6.7778"
"wordle 7/2/26 answer","9","2","22.22%","5.1111"
"globle country answer today","9","0","0%","3.666677777777778"
"colordle day 1413 answer","9","4","44.44%","2.111111111111111"
"today's wordle july 15","9","0","0%","2.8889"
"geoguessr daily challenge answers today","9","0","0%","5.3333"
"narutodle answer","8","0","0%","7.6250125"
"wordle answer 6 july","8","2","25%","1.125"
"phrazle answer june 18","8","1","12.5%","4.375"
"wordle answer july 22","8","1","12.5%","2.875"
"Wordle answer May 22 2026","8","0","0%","5.125"
"wordle solver 5 letter words","8","0","0%","7.6249875"
"wordle july 9","8","0","0%","6.5"
"colordle 1422","8","2","25%","2.5"
"wordle discord answer","8","1","12.5%","5.125025"
"colordle answer 1422","8","4","50%","1.875"
"minesweeper solver online","8","0","0%","5"
"what is the answer to colordle","8","1","12.5%","5.5"
"6wordle solver","8","1","12.5%","4"
"colordle day 1417","8","1","12.5%","2.625"
"wordle solution july 8 2026","8","0","0%","3.625"
"spotle answer today june 17","8","2","25%","5.125"
"colordle of the day answer","8","1","12.5%","1.875"
"Wordle answer May 27 2026","8","0","0%","3.5"
"wordle 11/7/26","8","5","62.5%","1"
"colordle answer for feb 15 , 2026","8","1","12.5%","5"
"colordle day 1504","8","2","25%","4.125"
"colordle anwesr","8","1","12.5%","5"
"wordle june 14 solution","8","0","0%","7.875"
"wordle 1783","8","0","0%","8.125"
"colordle day 1446","8","1","12.5%","6.375"
"colordle answer today march 13","8","1","12.5%","5.875"
"7/15 wordle","8","0","0%","9"
"wordle answer 19/6/26","7","3","42.86%","1.4286"
"wordle answer today june 12","7","0","0%","5.5714"
"wordle june 11 answer","7","0","0%","6.5714"
"colordle colour today","7","0","0%","6.714285714285714"
"betweenle answer","7","4","57.14%","2.571414285714286"
"colordle colours","7","1","14.290000000000001%","4"
"wordle may 25 2026","7","0","0%","6.7143"
"wordle 1864","7","0","0%","7.7143"
"colordle guesser","7","3","42.86%","3.285742857142857"
"wordle august 12 2026 answer","7","1","14.290000000000001%","1.8571000000000002"
"wordle 3 july 2026","7","0","0%","6"
"wordle solver 9 letters","7","0","0%","5.571428571428571"
"wordle solver 6 letters","7","1","14.290000000000001%","5.428571428571429"
"wordle 18 july 2026","7","0","0%","4.1429"
"canuckle june 23 2026","7","0","0%","7.1429"
"number waffle archieve","7","4","57.14%","8.142857142857142"
"wordle today july 7","7","2","28.57%","3.2857"
"dotadle answers","7","0","0%","6.285714285714286"
"wordle answer 17 june 2026","7","1","14.290000000000001%","3.5714"
"today's colordle answer 1452","7","2","28.57%","4.142857142857143"
"wordle answer 30th june","7","2","28.57%","2.8571"
"wordle 1878 clues","7","0","0%","7.4286"
"wordle 19/6/26","7","5","71.43%","1"
"betweenle answer may 8","7","3","42.86%","1"
"minesweeper helper","7","2","28.57%","6.5714"
"phrazle clue","7","2","28.57%","3.857142857142857"
"colordle ryan tanen hint","7","1","14.290000000000001%","2.9999857142857143"
"wordle august 6 2026 answer","7","0","0%","2"
"wordle answer 29 june 2026","7","2","28.57%","2.1428"
"colordle 1546","6","1","16.67%","4.6667"
"wordle 6-29-26","6","2","33.33%","1.3333"
"wordle today june 3 2026","6","1","16.67%","5"
"wordle answer today july 30 2026","6","3","50%","1"
"colordle answer march 17, 2026","6","2","33.33%","3.6667"
"onepiecedle june 17","6","5","83.33%","5.5"
"waffle solver","6","1","16.67%","2"
"wordle answer 14 july","6","1","16.67%","3"
"wordle answer july 20 2026","6","0","0%","1.8333000000000002"
"todays colordle answer  3/9/2026","6","2","33.33%","4.6667"
"what is todays colordle","6","2","33.33%","2.3333"
"phoodle 7/12/26","6","4","66.67%","3.5"
"colordle day 1516","6","1","16.67%","3.1667"
"today's wordle answer password game","6","2","33.33%","4.1667"
"wordle answer today 25","6","2","33.33%","3"
"resposta naruto dle","6","0","0%","7"
"wordle answer today 6/23/2026","6","6","100%","1"
"today's colordle answer 1449","6","2","33.33%","4.5"
"colordle answers today","6","1","16.67%","5.6667"
"lights out game solver","6","0","0%","3.8333333333333335"
"colordle answer today 21st may","6","2","33.33%","6.6667"
"betweenle today","6","2","33.33%","1.8333000000000002"
"spotle answer today may 11","6","2","33.33%","3.6666000000000003"
"wordle answer today may 5","6","0","0%","8"
"globle archive","6","0","0%","7.666666666666667"
"wordle 18 june 2026","6","0","0%","7.1667"
"phoodle hint 6/20/26","6","3","50%","2.8333"
"worldle","6","0","0%","5.166666666666667"
"wordless 5 letter word solver","6","3","50%","6"
"phoodle 05/23/2026","6","2","33.33%","1.8333000000000002"
"colordle feb/25/2026","6","1","16.67%","5"
"wordle 22/6/26","6","6","100%","1"
"wordsolverx","6","2","33.33%","5.166666666666667"
"color #00ff22 acid","6","0","0%","2"
"phoodle june 20 2026","6","2","33.33%","3.3333"
"wordle 1869","6","0","0%","7.1667"
"phoodle answer yesterday","6","0","0%","8.5"
"colordle answer today feb 22","6","2","33.33%","4.8333"
"wordle 9 august 2026","6","0","0%","5"
"what is the worldle today","6","0","0%","8"
"minesweeper.online solver","6","0","0%","5.166666666666667"
"phoodle hint june 22 2026","6","2","33.33%","3.5"
"phoodle mar 15 2026","6","0","0%","6.8333"
"colordle answer march 13 2026","6","3","50%","4.6667"
"colordle spoilers","6","2","33.33%","3.8333333333333335"
"canuckle june 18 2026","6","0","0%","5.6667"
"wordle past words by date","6","0","0%","9.1667"
"colordle answer 1420","6","1","16.67%","5"
"onepiecedle","6","0","0%","7"
"narutodle hoje","6","2","33.33%","3.8333333333333335"
"today worlde answer","5","0","0%","7"
"canuckle june 14 2026","5","1","20%","3.2"
"colourdle answer","5","1","20%","6.6"
"todays discord wordle","5","1","20%","2.4"
"wordle answer may 6 2026","5","0","0%","6.4"
"today's wordle answer june 17","5","0","0%","3.8"
"discord wordle of the day","5","1","20%","2"
"today's wordle august 6 2026","5","0","0%","2.4"
"wordle stout","5","2","40%","2.8"
"wordle answer today july 7 2026","5","3","60%","2.6000199999999998"
"wordle hints june 11 2026","5","0","0%","6.8"
"wordle answer today 3 august","5","3","60%","1"
"three letter wordle","5","1","20%","6"
"colordle day 1423","5","0","0%","4.6"
"pokedle anwsers","5","1","20%","7"
"spotle helper","5","6","120%","2"
"phoodle hint today answer","5","5","100%","5.4"
"wordle may 6 2026","5","0","0%","6.6"
"wordle 18/06/2026","5","1","20%","5"
"quordle sequence today","5","0","0%","8.6"
"wordle 25/6/26","5","3","60%","1"
"wordle answer 16/6/26","5","1","20%","3.2"
"boggle answers 5/31/26 today","5","1","20%","4.2"
"wordle answer 1 august","5","0","0%","4"
"wordle analyser","5","0","0%","4.40002"
"phoodle feb 21 2026","5","0","0%","1.8"
"soundmap solver","5","3","60%","2.20002"
"spotle answer today june 1","5","2","40%","4"
"wordle today july 22","5","2","40%","2.8"
"wordle answer july 12th","5","0","0%","6"
"wordle solver 7 letters","5","0","0%","9.8"
"colordle day 1526","5","0","0%","3"
"colordle day 1514","5","0","0%","4.2"
"wordle word solver pro","5","0","0%","6.19998"
"colordle answer today may 1","5","1","20%","5.8"
"weaverx solver","5","3","60%","1.8"
"narutodle 26/05","5","0","0%","9"
"lights out solution","5","1","20%","4.8"
"betweenle hints","5","2","40%","3.59998"
"wordle answer today june 13 2026","5","1","20%","4"
"colordle day 1412 answer","5","1","20%","2"
"what is today's worldle country","5","0","0%","7.600020000000001"
"colourdle hint 25 may","5","0","0%","3"
"wordle answer 24/6/26","5","2","40%","1.4"
"wordle today june 26 2026","5","3","60%","1"
"todays wordle answer june 30","5","0","0%","3.4"
"wordle 6/7/26","5","2","40%","2"
"onepiecedle answers 16/6","5","3","60%","4.4"
"canuckle june 26 2026","5","2","40%","6"
"colordle day 1416","4","0","0%","3.5"
"what is today wordle answer","4","0","0%","6.5"
"kanoodle offline solver","4","0","0%","3.5"
"wordle answer23/06/2026","4","1","25%","4.75"
"may 26 wordle","4","0","0%","8.25"
"23 june wordle answer","4","1","25%","2.5"
"canuckle answer june 29 2026","4","0","0%","3.5"
"colourdle hint 20 may","4","1","25%","6.5"
"colordle answer todya","4","1","25%","5"
"canuckle answer may 22 2026","4","2","50%","2.75"
"phoodle hint june 27 2026","4","2","50%","3.5"
"colordle answer today march 5","4","2","50%","5.75"
"colordle spoil sight day 1437","4","3","75%","6.5"
"globle answer 27th of march 2026","4","0","0%","7"
"Wordle answer June 29 2026","4","0","0%","6.5"
"canuckle may 22 2026","4","1","25%","2"
"spotle prvious dates","4","1","25%","4.5"
"today's betweenle answer","4","3","75%","3"
"wordle of the day today answer","4","0","0%","4.75"
"answer to todays globle","4","1","25%","2.5"
"globle country today","4","1","25%","10.5"
"wordle helper 6 letters","4","0","0%","6.750025"
"9 letter wordle","4","0","0%","7.75"
"globle answer 7 march 2026","4","0","0%","6.25"
"phrazle for may 9 2026","4","2","50%","3.5"
"phoodle 05/29/26 mashable","4","2","50%","7"
"today's wordle answer may 5","4","0","0%","5.5"
"colordle day 1407","4","3","75%","3.25"
"weaver word solver","4","4","100%","1"
"whats the wordle word on discord today","4","0","0%","4.5"
"wordquest wordle 4 letter","4","0","0%","8.25"
"colordle day 1404","4","1","25%","4"
"wordle answer today june 11 2026","4","1","25%","4.75"
"nerdle june 26","4","1","25%","5.5"
"colordle day 1421 answer 13/02/2026","4","3","75%","5.5"
"narutodle today","4","1","25%","7.249975"
"contexto answer 27 july","4","1","25%","2"
"colordle color list","4","1","25%","3.25"
"what is todays globle 2026 the 7 of may","4","1","25%","4.5"
"wordle 21/6/26","4","2","50%","1"
"wordle 7 july 2026","4","0","0%","6.25"
"minesweeper indentifier","4","1","25%","5"
"wordle june 26 hints","4","0","0%","7.25"
"wordle solution may 26 2026","4","0","0%","4.75"
"canuckle answer today 19 june 2026","4","2","50%","3"
"colourdle solver","4","1","25%","5.5"
"today waffle june 23 2026","4","3","75%","3"
"wordle answer 24 july","4","2","50%","3.5"
"wordle answer today 22 june 2026","4","4","100%","1"
"wordle solver 8 letters","4","0","0%","6.75"
"wordle answer 18/06/2026","4","2","50%","3.25"
"betweenle 7/11/26","4","3","75%","1.5"
"colordle answer that starts with 3","4","0","0%","4.5"
"wordle today may 25 2026","4","0","0%","7.5"
"wordle answer today june 24 2026","4","2","50%","2.25"
"semantle june 23 2026 answer","4","1","25%","3"
"semantle 1620","4","4","100%","2"
"canuckle answer june 19 2026","4","2","50%","4.75"
"hardle solver","4","4","100%","1.25"
"searchle answer19 june","4","1","25%","5"
"phoodle may 3 2026","4","0","0%","5.5"
"wordle answer 10 31 25","4","0","0%","10"
"todays wordle june 16","4","0","0%","6.5"
"semantle 1466","4","1","25%","5"
"colordle answer 1505","4","1","25%","6"
"colordle day 1413","4","1","25%","2.5"
"narutodle de hoje","4","0","0%","9"
"colordle hints may 14","4","3","75%","3"
"colordle day 1439","4","0","0%","6.5"
"wordle jul 28","4","1","25%","5.25"
"wordle answer today july 3 2026","4","2","50%","3"
"colordle answer today forest green","4","1","25%","5"
"betweenle asnwrt oay juen 10th","4","2","50%","4"
"contexto archive","4","1","25%","4.5"
"wordle answer today july 8 2026","4","1","25%","2.25"
"wordle 14 august 2026 wordle 14 august 2026","4","0","0%","2"
"five letter wordle solver","4","0","0%","8.75"
"wordle answer today 28 june 2026","4","1","25%","1.25"
"phoodle answer june 20 2026","4","2","50%","4.75"
"canuckle solver","4","1","25%","1.5"
"colordle day 4127 answer","4","1","25%","5"
"phoodle may 15","4","0","0%","3.75"
"phrazle hint today","4","4","100%","1.999975"
"colordle answer day 1417","4","2","50%","4"
"colordle of the daily answer","4","2","50%","2.25"
"wordle today's answer","4","0","0%","1"
"wordle answer today may 3","4","0","0%","6"
"todays wordle 25/6/26","4","3","75%","1"
"phoodle may 4 2026","4","0","0%","4"
"colordle of the day day 1415 color","4","0","0%","2"
"semantle may 11 2026 answer","4","1","25%","4.5"
"today dotadle answers","4","1","25%","6"
"waffle answers 1627","4","1","25%","5.5"
"spotle artist discovery","4","1","25%","5"
"phoodle 5/11/26","4","4","100%","2.25"
"respostas narutodle","4","0","0%","7"
"contexto answer may 28","4","0","0%","3.25"
"wordle today july 5","4","0","0%","4.5"
"spotle answer may 11","4","1","25%","5.5"
"woodle solver","4","1","25%","1.750025"
"todays wordle answer july 11","4","2","50%","1.5"
"june 27, 2026 wordle answer","4","0","0%","5.5"
"wordle answer today july 5 2026","4","1","25%","2.25"
"today's wordle july 10","4","0","0%","3.75"
"wordle answer 16/06/2026","4","1","25%","4.25"
"semantle may 13 2026 answer","4","0","0%","6"
"march 14 2026 globle country answer","4","0","0%","6"
"semantle june 25 2026 answer","4","1","25%","2.5"
"semantle june 21 2026 answer","4","1","25%","2.75"
"wordle solution june 11 2026","4","0","0%","4.75"
"wordle shill","4","0","0%","4.5"
"wordle solution today","4","1","25%","7.75"
"wordle answer today june 28","4","0","0%","5"
"colordle 1447","4","0","0%","5.25"
"semantle june 19 2026 answer","4","1","25%","2.5"
"colordle day 1419","4","1","25%","2.5"
"resposta do onepiecedle de hoje","4","0","0%","6.25"
"words with 5 letters wordle","4","0","0%","6.250025"
"july 4 wordle","4","0","0%","6.5"
"globe answers for today","4","0","0%","3"
"what is today's searchle answer","4","1","25%","1"
"onepiecedle laugh answer 23 feb","4","1","25%","5"
"semantle june 3 2026 answer","4","1","25%","4.25"
"pokedou anwer toaday","4","0","0%","7"
"anwser for todays colordle","4","3","75%","6"
"globle answer 9 may 2026","3","0","0%","4.6667"
"semantle answer today 1405","3","0","0%","3"
"phrazle march 14th","3","0","0%","8"
"colordle 1408 answer","3","1","33.33%","2"
"wordle answer today 16 june","3","1","33.33%","4.6667"
"spotle of the day","3","1","33.33%","8.6667"
"onepiecedle solution","3","1","33.33%","3.3333333333333335"
"wordle new york times daily today's answer 28 june","3","0","0%","4.6667"
"today's phrazle answer","3","2","66.67%","2"
"colordle 25 march","3","0","0%","7.6667"
"wordle jun 26","3","0","0%","1.6666999999999998"
"colordle 19th march","3","0","0%","5.6667"
"wordle 12 06 2026","3","0","0%","5"
"today discord wordle answer","3","3","100%","1"
"kanoodle solution","3","0","0%","5.333333333333333"
"clordle","3","0","0%","7.3333"
"semantle answer june 21 2026","3","0","0%","6.3333"
"spotle answer may 16","3","0","0%","6.6667"
"colordle 20th march answer","3","0","0%","5"
"colordle answer of thr day march 27","3","0","0%","7"
"what was the answer to colordle today 08/05/2026","3","1","33.33%","5"
"serchle","3","0","0%","4.3333"
"colordle all colors","3","0","0%","4.333333333333333"
"searchle answer may 13","3","1","33.33%","3.3333"
"wordle hint 14 june 2026","3","1","33.33%","3.3333"
"phoodle 7/4/26","3","4","133.33%","2"
"wordle 29/06/26","3","0","0%","2"
"wordle of the day 23 june 2026","3","1","33.33%","1.6666666666666667"
"is todays wordle puppy?","3","2","66.67%","1"
"colordle hint 1455","3","2","66.67%","4"
"wordle today's answer june 13 2026","3","0","0%","2.6667"
"wordle today february 9 2026","3","0","0%","9"
"canuckle answer may 24 2026","3","1","33.33%","2.6667"
"narutodle 14/02","3","0","0%","5"
"cemantle clue today 5th august","3","0","0%","3.6667"
"colordle day 1441 hint","3","0","0%","3.6667"
"wordle answer 3 june 2026","3","0","0%","8"
"wordle answer today may 26","3","3","100%","1"
"wordle swami","3","0","0%","4.3333"
"wordle uk","3","0","0%","21"
"globle hint 27 may 2026","3","1","33.33%","2"
"wordle answer today 2026 june","3","1","33.33%","2"
"semantle may 22 2026 answer","3","1","33.33%","2.6666666666666665"
"wordle 28 julio 2026","3","0","0%","1.6666666666666667"
"globle answer march 16 2026","3","1","33.33%","2"
"worldle,1.7.36","3","1","33.33%","4"
"how to find the answer to a colordle that was sent to you from colordle.com reddit","3","1","33.33%","5.3333"
"colordle answers 21st march 2026","3","1","33.33%","4"
"wordle answer for may 26, 2026","3","0","0%","5.6667"
"todays wordle answer june 27","3","0","0%","3.6667"
"31st march globle answer 26","3","0","0%","8.666666666666666"
"betweenle 8 may","3","2","66.67%","1"
"wordle history of answers","3","0","0%","8"
"nerdle midi","3","0","0%","4.6667"
"artist guess soundmap","3","3","100%","9"
"colordle 1405 answer","3","2","66.67%","2"
"wordle awnser 02/10/2026","3","0","0%","9"
"spotle movie hint","3","0","0%","9"
"globle answer 12 may 2026","3","0","0%","4.6667"
"colordle day 1455","3","0","0%","6.3333"
"canuckle june 6 2026","3","0","0%","4.3333"
"colordle colors","3","1","33.33%","6.3333"
"wordle hint june 30","3","0","0%","5.6667"
"narutodle answers 11 june 2026","3","2","66.67%","1"
"kanoodle solutions","3","1","33.33%","4"
"canuckle may 27 2026","3","0","0%","7.6667"
"semantle may 15 2026 answer","3","1","33.33%","3"
"canuckle answer may 3 2026","3","0","0%","6"
"wordle 12 june2026","3","0","0%","7.6667"
"waffle answers 8th may 2026","3","1","33.33%","2"
"colordle archive","3","2","66.67%","1.6666666666666667"
"a lights out puzzle with solver","3","2","66.67%","2"
"clue for wordle today","3","0","0%","6.666666666666667"
"today's smashdle","3","0","0%","4"
"pokedle answer","3","0","0%","8"
"colordle day 1405","3","1","33.33%","2"
"canuckle plus may 25-29","3","0","0%","2"
"canuckle may 7 2026","3","0","0%","6"
"todays wordle july 30 2026","3","1","33.33%","1"
"wordle 6 august","3","1","33.33%","3"
"semantle today","3","1","33.33%","4.6667"
"spotle answer today june 16","3","2","66.67%","4.3333"
"canuckle clues today's date","3","1","33.33%","8"
"5 letter wordle not working","3","0","0%","5.6667"
"wordle demur","3","0","0%","2"
"canuckle hints may 4,2026","3","0","0%","5"
"nerdle today answer","3","2","66.67%","4.3333"
"fibble game","3","0","0%","9.3333"
"8/5/26 wordle answer","3","1","33.33%","7.3333"
"colordle hints feb 18","3","1","33.33%","4.6667"
"wordle answer for today 2026","3","1","33.33%","1"
"betweenle double a words","3","2","66.67%","7.3333"
"august 6 2026 wordle answer","3","0","0%","1"
"today's searchle answer","3","1","33.33%","3.6667"
"canuckle may 21 2026","3","0","0%","5"
"wordle answer today july 24 2026","3","0","0%","3"
"xword solver","3","0","0%","60.3333"
"canuckle answer june 7 2026","3","0","0%","6.6667"
"colordle hint reddit","3","0","0%","3.3333333333333335"
"phoodle archives","3","1","33.33%","3"
"wordle puzzle july 5 2026","3","0","0%","7.6667"
"wordle 25th june 2026","3","1","33.33%","9"
"wordle answer 23/6/26","3","2","66.67%","1"
"wordle today 5 july","3","1","33.33%","2"
"wepavar word possibilities","3","1","33.33%","3"
"whats todays colordle answer march 19","3","1","33.33%","4.3333"
"spottle answer june 14 2026","3","2","66.67%","4.6667"
"wordle 26 may 2026","3","1","33.33%","2"
"todays wordl","3","1","33.33%","7.6667"
"todays betweenle","3","1","33.33%","3.6666666666666665"
"spotle may 7th answer","3","0","0%","10"
"colordle 1522","3","0","0%","2"
"phoodle feb 22 2026","3","0","0%","5.3333"
"pokedle lösung heute","3","0","0%","6.333333333333333"
"wordle hint june 14 2026","3","1","33.33%","5.3333"
"wordle answer today june 30 2026","3","1","33.33%","2.6667"
"new york times wordle today's","3","0","0%","9"
"wordle 21 june 26","3","3","100%","1"
"wordle may 23 2026","3","0","0%","3.3333"
"wordle 05 junio 2026","3","0","0%","6"
"phrazle today","3","2","66.67%","6.333333333333333"
"colordle answe march 14","3","0","0%","7"
"wordle solver 5","3","0","0%","7.666666666666667"
"resposta do narutodle de hoje","3","0","0%","5.666666666666667"
"hints for the colordle march 10","3","3","100%","5"
"9-letter wordle daily challenge","3","0","0%","2"
"contexto 05/27/2026","3","0","0%","3.3333"
"colordle 1423","3","0","0%","5.3333"
"colord;e answer today 1514 reddit","3","2","66.67%","4.6667"
"todays nerdle answer","3","3","100%","4.333333333333333"
"wordle 13/07/2026","3","4","133.33%","1"
"what is the answer to today's globle 25 may 2026","2","1","50%","1"
"phrazle for may 6 2026","2","1","50%","4.5"
"semantle may 19 2026 answer","2","1","50%","6.5"
"smashdle anssers","2","0","0%","5"
"wordle solution october 19","2","0","0%","4"
"wordle word 19/06/26","2","3","150%","1"
"what is today wordle 8 august 2026","2","0","0%","1"
"globle answer 25 february 2026","2","0","0%","6"
"wordle today 6/16","2","0","0%","4.5"
"canuckle june 5 2026","2","0","0%","6.5"
"spotle cheat","2","2","100%","3"
"4 letter wordle solve","2","0","0%","1"
"todays quest naruto answer","2","0","0%","9"
"wordle 01/07/26","2","4","200%","2"
"wordle awnser 02/12/2026","2","0","0%","8"
"spoltle answer today","2","1","50%","5"
"what is the answer for colordle today","2","1","50%","1"
"searchle today answers","2","1","50%","4.5"
"today's discord wordle answer","2","2","100%","1"
"semantle answer may 2nd 2026","2","1","50%","3"
"today's redactle answer 8th july","2","3","150%","3"
"wordle answers list","2","0","0%","9.5"
"31st march globle answer","2","0","0%","8"
"contexto answers for today may 25","2","1","50%","4"
"wordle answer 20 june 2026","2","0","0%","2"
"wordle 25 junio 2026","2","0","0%","3"
"narutodle awnser","2","0","0%","9"
"phrazle answer may 13","2","2","100%","1"
"betweenle 1196","2","1","50%","2"
"2026 15th janurary wordle","2","0","0%","5.5"
"six letter wordle solver","2","3","150%","5"
"semantle june 22 2026 answer","2","1","50%","1.5"
"onepiecedle 23/05 respostas","2","0","0%","10"
"canuckle answer for may 9 2026","2","1","50%","3"
"worldle country answer today","2","0","0%","11.5"
"today's spotle","2","0","0%","9"
"minesweeper soler","2","0","0%","4"
"answer colordle","2","0","0%","3"
"semantle june 26 2026 answer","2","1","50%","2.5"
"semantle july 14 2026 answer","2","1","50%","2.5"
"wordle 14 june 2026","2","0","0%","4"
"colordle 1519","2","0","0%","3.5"
"wordle answer 12 8 25","2","0","0%","7"
"spotle music june 6th 2026 answer","2","2","100%","7"
"colordle day 1436 reddit","2","0","0%","6"
"coloradle answer 2/28/26","2","1","50%","2"
"semantle june 30 2026 answer","2","1","50%","2.5"
"semantle may 18 2026 answer","2","1","50%","6.5"
"wordle today for may 2026","2","0","0%","5"
"onepiecedle lösung","2","0","0%","2"
"narutodle solution","2","2","100%","1"
"march 15 2026 globle country","2","0","0%","4"
"colordle reponse","2","1","50%","5"
"colordle day 1550","2","1","50%","2"
"todays wordle puzzle history","2","0","0%","7"
"phoodle clues","2","1","50%","5"
"phoodle may 12 2026","2","0","0%","8.5"
"wordle answer jan 8, 2026","2","0","0%","8"
"spotle.io","2","0","0%","10"
"phoodle hint today may 15","2","1","50%","6"
"wordle word 20 june 2026","2","1","50%","1.5"
"today's canuckle answer canada","2","1","50%","7"
"wordle andwer june 21 2026","2","1","50%","3.5"
"colourdle answer 23/3","2","1","50%","2"
"wordle answer today july 27 2026","2","1","50%","1"
"past wordle answers every solution, alphabetically and by date","2","0","0%","9"
"what is the color guessing the percentage","2","1","50%","1"
"phrazle today answer","2","0","0%","5.5"
"todays wordle 8/7/26","2","2","100%","1"
"worlde 1827","2","2","100%","2.5"
"todays worldle answer 17th june 2026","2","0","0%","3"
"worldle answer today country","2","0","0%","1.5"
"todays globle","2","0","0%","6"
"colordle answer today feb 5","2","2","100%","3"
"spotle answer today june 2nd","2","3","150%","2"
"colordle solutino","2","2","100%","5"
"wordle answer july 12th 2026","2","0","0%","4"
"semantle jr","2","0","0%","8"
"wordle answer wednedayjune 3 2026","2","1","50%","1"
"colordle of the day 18th of may","2","1","50%","2.5"
"colordle answer today 20 february","2","1","50%","3.5"
"semantle #999 closest answers","2","3","150%","1"
"wordle 10/25/26","2","0","0%","5"
"10 letter words wordle answer","2","2","100%","5"
"betweenle 5/19/26","2","1","50%","3"
"answer cemantle today 10 may 2026 day 1497","2","1","50%","5"
"wordle of the day june 24 2026","2","2","100%","1"
"wordle 22 january 2026 clue","2","0","0%","7"
"word weaver","2","0","0%","8"
"colordle day 1403 answer","2","2","100%","1"
"answer to maxi nerdle may 6th 2026","2","1","50%","4"
"phoodle march 16 2026","2","0","0%","6"
"waffles game solver","2","1","50%","1.5"
"globle 28 march 2026","2","0","0%","6"
"semantle solution","2","1","50%","5.5"
"what is the colordle answer","2","2","100%","3"
"onepiecedle 28/06/2026","2","0","0%","3.5"
"narutodle respostas","2","0","0%","9.5"
"wordle 24 june 26","2","2","100%","1"
"colourdle daily answer","2","1","50%","2"
"nine leter wordle","2","0","0%","10"
"wordle hints 02 august 26","2","0","0%","2"
"spotle name country","2","0","0%","2.5"
"contexto june 3rd 2026","2","0","0%","5.5"
"colordle solution","2","0","0%","2"
"wordle history of solutions","2","2","100%","4"
"yesterday's wordle answer","2","0","0%","9.5"
"canuckle answer may 20 2026","2","0","0%","8"
"day 1406 colordle","2","0","0%","2"
"kanoodle puzzle game 148 solution","2","1","50%","2"
"globle answer 31 march 2026","2","0","0%","8.5"
"canuckle answer may 21 2026","2","0","0%","1.5"
"wordle hint july 24 2026","2","0","0%","5"
"onepiecedle soluce","2","0","0%","2.5"
"weaver solution","2","0","0%","2.5"
"word for 5/7/2026 betweenle","2","2","100%","7.5"
"umbra word","2","0","0%","13.5"
"wordl july 14 answer","2","0","0%","1"
"wordel答案","2","0","0%","8"
"semantle june 24 2026 answer","2","1","50%","2.5"
"what is the onepiecedle classic answer for today","2","2","100%","3.5"
"onepiecedle answers feb 19","2","0","0%","5.5"
"future wordle answers","2","0","0%","8.5"
"canuckle answer june 3 2026","2","0","0%","7"
"colordle awenser","2","3","150%","3"
"colourdle answer feb 11 2026","2","1","50%","3.5"
"minesweeper online solver","2","1","50%","5"
"wordle answer may 21 2026 x","2","0","0%","9"
"searxhle","2","0","0%","3.5"
"wordle discord answer 27","2","1","50%","1"
"wordle 5 letters","2","0","0%","7.5"
"old waffle puzzles","2","0","0%","1"
"resposta onepiecedle de hoje 02/06","2","0","0%","8.5"
"29/06/2026wordle answer","2","1","50%","2"
"wordle hints 22 july 2026","2","0","0%","6"
"dotadle solution today","2","0","0%","7"
"colordle.ryantanen","2","0","0%","4"
"semantle june 17 2026 answer","2","1","50%","2.5"
"canuckle answer may 18 2026","2","0","0%","7.5"
"colordle daily","2","0","0%","4"
"spotle movies 74 answers","2","0","0%","5"
"wordle answer february 10 2026","2","0","0%","7"
"how to solve lights out puzzle 6x6","2","1","50%","8"
"semantle answer 5/8","2","4","200%","2.5"
"colordle browse all colors","2","0","0%","7"
"today waffle june 18 2026","2","1","50%","3"
"clues spotle 15/05","2","0","0%","7"
"globle answer of the day 27/3/2026","2","0","0%","10"
"spotle hint","2","0","0%","3"
"maxi nerdle solver","2","2","100%","2"
"fraud waffle folder clue","2","0","0%","2.5"
"今日wordle答案2026七月9日","2","1","50%","7"
"phrazle hint","2","1","50%","8"
"resposta contexto 14/06/2026","2","0","0%","5"
"wordle 18 6 2026","2","0","0%","3.5"
"octordle may 2,2026","2","1","50%","4.5"
"wordle 27/06/26 answer","2","1","50%","5.5"
"discord 1825 answer","2","1","50%","1"
"wordsolver","2","0","0%","8.5"
"kanoodlee","2","0","0%","6"
"wordle today 25/06/2026","2","0","0%","3"
"canuckle word solver","2","2","100%","1.5"
"wordle 12/27 game","2","0","0%","3"
"wordle answer june 7 2026","2","0","0%","8"
"worldle answer june 20","2","1","50%","4"
"phoodle hint 5/17/26","2","2","100%","2"
"wordle solution today 30 th june 2026 genyoutube","2","2","100%","1"
"what is the globle answer today 12/5/2026","2","1","50%","1"
"today's wordle june 14th","2","0","0%","7"
"colordle answer 3 31 2026 answer key pdf","2","0","0%","10"
"colordle ryantanen answer","2","1","50%","1"
"colordle answer 13 february","2","1","50%","3"
"one piecedle solver","2","5","250%","1"
"daily wordle answer today","2","1","50%","2.5"
"wordle solución hoy 1 agosto","2","0","0%","8"
"today's wordle june 14th 2026","2","0","0%","3"
"resposta do wordle de 11\07\2026","2","1","50%","1"
"wordle today aug 5","2","1","50%","1"
"canuckle hints may 15,2026","2","0","0%","4"
"wordle 22/06","2","0","0%","6.5"
"5-21 spotle","2","0","0%","8"
"colordle answer 1416","2","0","0%","4.5"
"world solver","2","0","0%","8.5"
"searxhle awnser","2","1","50%","6.5"
"stank wordle","2","0","0%","4"
"5 word solver","2","0","0%","7"
"today globle answer","2","0","0%","7.5"
"wordle 5 letter solver online","2","0","0%","7"
"phrazle for may 13 2026","2","1","50%","2.5"
"may 19 2026 canuckle hints","2","0","0%","5"
"loldle today answer","2","0","0%","10"
"wordle 13/6/26","2","2","100%","1"
"colordle daily answer","2","1","50%","2.5"
"globle answer 26/02/2026","2","0","0%","3"
"colordle past colord","2","0","0%","4.5"
"pokedle today solution","2","1","50%","3"
"today onepiecedle","2","1","50%","9"
"spotle music 5 9","2","0","0%","10"
"colourdle anwer today","2","2","100%","8"
"colourdle answerer","2","1","50%","3.5"
"nine letter wordle game","2","0","0%","9"
"smashdle today","2","0","0%","7.5"
"colordle answer today feb 7","2","0","0%","4.5"
"resultado do contexto 05/06/2026","2","0","0%","9"
"wordle answer 28/6","2","2","100%","1"
"light out","2","0","0%","5"
"wordle answer history","2","0","0%","6"
"minesweper solver","2","0","0%","9"
"what is the wordle of the day of may 28 2026","2","0","0%","4"
"phrazle hint 5/9/26","2","1","50%","5"
"colordle 1461","2","0","0%","4"
"phoodle feb 28 2026","2","0","0%","8"
"lights out puzzle solver easy","2","2","100%","2"
"pokedle today","2","0","0%","8"
"today's semantle answer","2","2","100%","5"
"what is today wordle 7 august 2026","2","0","0%","1"
"smashdle.com","2","0","0%","10"
"day 1416 colordle answer","2","0","0%","6"
"kanoodle game 103 solve","2","1","50%","3"
"wordle hints june 20","2","0","0%","6"
"onepiecedle answers for today","2","0","0%","5"
"cemantix "1448" solution","2","0","0%","10"
"colordle day 1469 answer","2","1","50%","2"
"spotle answer may 4","2","1","50%","1.5"
"semantle july 9 2026 answer","2","1","50%","2.5"
"colordle solver x","2","4","200%","4"
"guess the dailyy mystery color","2","0","0%","7"
"slove the puzzle of globle unsw","2","0","0%","3"
"canuckle may 8 2026","2","0","0%","5"
"+woodleanswer","2","4","200%","1.5"
"phoodle june 5 2026","2","0","0%","3.5"
"wordle clue june 21","2","0","0%","8"
"contexto 23/06/2026","2","1","50%","6"
"20/06/2026 contexto","2","0","0%","7.5"
"wordle 18/06/26 answer","2","2","100%","1"
"word ladder march 23 2026 morning post answers","2","1","50%","4"
"wordle of the day23 july 2026","2","0","0%","1"
"answer wordle discord 26 may","2","1","50%","1"
"waffle solver 5 letters","2","0","0%","5"
"wordle june 26 2026 clues","2","0","0%","1"
"waffle answers 1570","2","0","0%","8"
"semantle may 10 2026 answer","2","1","50%","4.5"
"wordle today mashable 12 jul","2","0","0%","3"
"semantle word today wrapped puzzle","2","1","50%","1"
"sam hangman sulliver","2","0","0%","5"
"in colordle what colour is close 96% to orchid","2","2","100%","1"
"wordle today mashable 3 jul","2","0","0%","3"
"pokedle solution today","2","0","0%","5.5"
"pokedle answers today 5/30","2","2","100%","3"
"colordle day 1412","2","1","50%","3"
"canuckle answer may 18 2026 full","2","0","0%","6.5"
"colordle#N#day 1401","2","0","0%","4.5"
"colourdle answer 9th march","2","0","0%","3"
"nerdle answer today 17 june","2","1","50%","4.5"
"waffle answers 1604","2","2","100%","1"
"semantle word of the day answer","2","1","50%","2"
"todays smashdle answers","2","0","0%","5"
"colordle hints reddit","2","0","0%","5.5"
"github colordle 20533","2","3","150%","5.5"
"phrazle hints 5/11/26","2","2","100%","3.5"
"canuckle answer june 9 2026","2","1","50%","8"
"narutodle answre","2","0","0%","7"
"globle answer 22march 26","2","0","0%","5"
"colordle day 1512","2","0","0%","3"
"globle answer 21 march 2026","2","0","0%","6.5"
"wordle 29/6/26","2","2","100%","1"
"colordle answer 1460","2","1","50%","6"
"colordle day 1413 reddit","2","1","50%","3"
"wordle answer may 18 2026","2","0","0%","9.5"
"narutodle answers today 9 march 2026 reddit","2","0","0%","8"
"onepiecedle answers todayindestiny","2","0","0%","5"
"wordle for july 31 2026","2","0","0%","3"
"semantle june 20 2026 answer","2","1","50%","3.5"
"wordle for august 3 2026","2","0","0%","3"
"5 letter word wordle","2","0","0%","6.5"
"spotle answer today may 7 2026","2","1","50%","4.5"
"may 23 2026 wordle answer","2","0","0%","4"
"phoodle hints for june 6, 2026","2","2","100%","5.5"
"wordle today 26","2","1","50%","1.5"
"canuckle answer aug 10 2026","2","1","50%","5"
"semantle july 3 2026 answer","2","1","50%","2.5"
"todays colordle color","2","0","0%","2.5"
"9 letter wordle online games","2","0","0%","6"
"canuckle answer may 29","2","1","50%","5"
"todays wordle jun 24","2","0","0%","5"
"contexto 16/06/2026 resultado","2","0","0%","3.5"
"wed, 1 apr globle answer","2","0","0%","5"
"soundmap tools artist overview","2","0","0%","4"
"semantle june 18 2026 answer","2","1","50%","2.5"
"wordle may 27","2","0","0%","7"
"dotadle answers today","2","1","50%","5"
"5 word puzzle solver","2","0","0%","4.5"
"pokedle today answer","2","2","100%","6"
"lights out rätsel löser 6x6","2","1","50%","20.5"
"todays wordle 2026 15 6","2","0","0%","3"
"lights out game lösung","2","2","100%","9"
"pokedle anwers","2","0","0%","6.5"
"canuckle hint june 14,2026","2","1","50%","5"
"canuckle july 13 2026","2","2","100%","7"
"what is the colordle of the day","2","1","50%","4"
"3 letter wordle with clues","2","1","50%","1"
"kanoodle puzzle","2","0","0%","5"
"phoodle todays hint june 17","2","1","50%","2.5"
"wordle hints may 22 2026","2","0","0%","7.5"
"nerdle archive","2","0","0%","9"
"onepiecedle respuestas euw","2","0","0%","8"
"globle answer 20/5/26","2","1","50%","5.5"
"wordle archive answers","2","0","0%","9"
"phrazle for may 26 2026","2","2","100%","1"
"wordle today answqer","2","1","50%","2"
"wordle solver 11 letters","2","0","0%","5.5"
"canuckle jun 10 puzzle","2","1","50%","6"
"today's wordle word answer today","2","0","0%","1"
"today's wordle solution","2","0","0%","4.5"
"11 letter wordle solver","2","2","100%","3.5"
"semantle june 6 2026 answer","2","1","50%","2"
"phrazle hints","2","3","150%","6.5"
"wordle new york times daily today's answer","2","0","0%","6.5"
""wordle answer today"","2","0","0%","3.5"
"todays wordle answer jun 22","2","1","50%","2"
"onepiecedle answers june 21","1","1","100%","6"
"цщквду вшысщкв фтыцук","1","1","100%","4"
"phoodle hints 4-30-26","1","1","100%","5"
"wordle word of the today","1","0","0%","3"
"canuckle today answer","1","1","100%","5"
"worldle answer geography","1","0","0%","7"
"31 march 2026 globle answer","1","0","0%","8"
"lewdle answer today","1","1","100%","3"
"colordle day 1408","1","0","0%","2"
"maxi nerdle today may 12th","1","1","100%","4"
"smahshdle","1","0","0%","6"
"answer ti todays semantle feb 21","1","1","100%","2"
"seamantle answer feb 24 2026","1","0","0%","1"
"spotle answer music","1","1","100%","8"
"colordle day 1416 answer","1","0","0%","3"
"semantle word may 1st answer","1","1","100%","6"
"onepiecedle respostas 27 02","1","0","0%","7"
"canukle","1","0","0%","8"
"worlde may 7 2026 answer","1","0","0%","10"
"globle answer of the day 8 june 2026","1","1","100%","4"
"wordle archive word list","1","0","0%","9"
"what is today's onepiecedle character for laugh","1","0","0%","2"
"lights out solver 5x5","1","0","0%","5"
"loldle 15/07","1","0","0%","5"
"spotle assistant","1","1","100%","3"
"phoodle hint 5/12/2026","1","1","100%","3"
"spotle today may 11 2026","1","1","100%","4"
"wordle 13 juil 2026","1","0","0%","4"
"wordle answers archive#","1","0","0%","3"
"wordle 18454","1","0","0%","9"
"word analyzer wordle free","1","1","100%","6"
"wordle 16 julio 2026","1","0","0%","7"
"countryle","1","0","0%","10"
"phoodle hints 21/02/26","1","1","100%","1"
"onepiecedle answers 15 march 2026","1","0","0%","4"
"lsd42792@toaik.com","1","0","0%","1"
"globle.org solutions","1","0","0%","2"
"what is today wordle word discord 24/06","1","1","100%","1"
"eordle jyoy 30","1","0","0%","3"
"five letter food words phoodle begins with a ends with e","1","0","0%","5"
"spotle answer today 8 june 2026","1","1","100%","2"
"wordle 3 agost 2026","1","0","0%","2"
"betweenle helper 5 juni","1","1","100%","1"
"what is the globle answer for march 26","1","0","0%","10"
"quordle rescue","1","0","0%","6"
"onepiecedle resposta de hoje","1","0","0%","6"
"what’s today’s world answer","1","1","100%","1"
"what is the shade of color for colordle today but not the name of the actual color","1","1","100%","1"
"venting class today  e contexo","1","0","0%","4"
"searchle how to learn how to","1","1","100%","1"
"today's wordle july 19","1","0","0%","3"
"contexto 06 23 2026","1","1","100%","4"
"every colour on colordle","1","1","100%","1"
"ro worldle answers today 1 may 2026","1","0","0%","1"
"colordle reddit pista","1","1","100%","4"
"day 1429 semantle answer","1","0","0%","8"
"wordle today mashable 22 july","1","0","0%","3"
"globle answer 27 of march 2026","1","0","0%","6"
"semantle june 9 2026 answer","1","1","100%","2"
"contexto 05/06/2026","1","1","100%","1"
"réponse onepiecedle 26 march 2026","1","0","0%","7"
"spotle answers today 4 may","1","0","0%","2"
"wordle today 26 05 2026","1","1","100%","1"
"colordle color","1","0","0%","6"
"wordle 答え 7月12日","1","0","0%","8"
"feb 7 wordle answer 2026","1","1","100%","1"
"spotle answers today 17 may 2026","1","0","0%","5"
"soluzioni onepiecedle del 21 maggio","1","0","0%","6"
"contexto answer today 6/23/2026","1","1","100%","1"
"wordle hint july 21 2026","1","0","0%","4"
"nerdle maxi","1","0","0%","9"
"worldle answers today","1","0","0%","16"
"what's the answer for wordle on july 7, 2026","1","0","0%","1"
"wordle on febuary 8th 2026","1","0","0%","9"
"waffle archives game","1","0","0%","4"
"wordle 05 agosto 2026","1","0","0%","7"
"shat does wordle start with. feb 18. 2026","1","0","0%","3"
"colordle 30k","1","0","0%","5"
"wordle 5 agosto 2026","1","0","0%","8"
"wordle march 29 2026","1","0","0%","8"
"wordle august 1 solution","1","0","0%","6"
"wordle discord answer today june 28","1","1","100%","1"
"onepiecedle respostas","1","0","0%","6"
"globle 24th of february answer","1","0","0%","3"
"phoodle march 3 2026","1","0","0%","4"
"semantle hint 3/20/26","1","3","300%","1"
"wordle answer for feb 5 2026","1","0","0%","3"
"ny wordle solution july 25 2026","1","0","0%","2"
"pvz heroes today’s puzzle 6/18","1","0","0%","4"
"resposta onepiecedle","1","0","0%","5"
"weavever ladde solver","1","1","100%","1"
"semantle june 14 2026 answer","1","1","100%","2"
"wordle solution 1/24/2026","1","0","0%","7"
"13 july wordle answer","1","2","200%","3"
"globle country answers today","1","0","0%","2"
"cemantle word of the day answer","1","0","0%","4"
"onepiecedle resposta","1","0","0%","9"
"answer to daily wordle for 17 may 2026","1","0","0%","3"
"what is the answer to todays colordle","1","1","100%","1"
"clues spotle 15/05/26","1","0","0%","4"
"semantle help 1484","1","1","100%","2"
"quorfle 1585","1","0","0%","5"
"resposta do wordle do dia 20/07/26","1","1","100%","1"
"phoodle march 8 2026","1","0","0%","6"
"semantle june 2 2026 answer","1","1","100%","2"
"resposta do onepiecedle de hoe","1","0","0%","9"
"wordle january 2 2026","1","0","0%","9"
"globle 21 march 2026","1","0","0%","4"
"wordle 13 aigust 2026","1","0","0%","4"
"d260120y18","1","0","0%","4"
"what is today contexto may 14 answer","1","1","100%","8"
"wordle help today july 11","1","0","0%","2"
"wordle answer andhintsfor july19","1","0","0%","4"
"5/23/26 semantle","1","2","200%","1"
"phoodle march 19 2026","1","0","0%","7"
"semantle 1451","1","0","0%","2"
"waffle hints for march 15 2026","1","0","0%","9"
"ny wordle solution july 2 2026","1","0","0%","2"
"4colors solver","1","0","0%","7"
"wordle finder english nine letters","1","0","0%","2"
"spotle answers 31 may 2026","1","0","0%","2"
"spotify artist guesser","1","0","0%","3"
"globle answer for 5th of april 2026","1","0","0%","5"
"serious auto accident injury attorney","1","0","0%","10"
"betweenle 5/14/26","1","2","200%","3"
"resposta contexto dia 08/07","1","1","100%","8"
"clues for todays wordle 10 june","1","0","0%","9"
"hint for phoodle may 30","1","1","100%","1"
"onepiecedle answres feb 19","1","0","0%","8"
"wordl word 25 june 2026","1","1","100%","1"
"wordle answer search archive","1","3","300%","1"
"spotle answers past","1","1","100%","1"
"waffle answers 1573","1","0","0%","8"
"worlde answer 14 june","1","0","0%","7"
"colordle answer 1403","1","1","100%","1"
"wordle answer. 1","1","1","100%","4"
"pokedle solution","1","0","0%","9"
"phoodle march 7 2026","1","0","0%","4"
"colordle answer for today 1400","1","0","0%","2"
"semantle starting word","1","0","0%","3"
"is stank a wordle word","1","0","0%","9"
"cemantle word of the day answer 16/05/2026","1","1","100%","5"
"wordle today solution july 7th","1","1","100%","1"
"quordle clues for sunday 25 january 2026","1","0","0%","9"
"worfle 7/29","1","0","0%","3"
"all wordle unlimited words","1","0","0%","3"
"ny wordle solution july 1 2026","1","0","0%","4"
"nerdle#N##N#.#N##N##1606#N##N##N##N#2#N##N#5#N##N#4#N##N#6#N##N#7#N##N#1#N##N#2#N##N#8#N##N#0#N##N#4#N##N#7#N##N#0#N##N#9#N##N#4#N##N#2#N##N#4#N##N#7#N##N#0#N##N#positive numbers#N##N#our mission#N##N#positive numbers#N##N#more games","1","0","0%","5"
"what is today wordle 4 august 2026","1","0","0%","1"
"worgle archive","1","1","100%","3"
"what is 29/3/2026 globle contry anser","1","0","0%","8"
"worldle today umbra","1","0","0%","7"
"1522 waffle","1","0","0%","6"
"colordle brick 93.","1","1","100%","1"
"wordle 25 julio2026","1","0","0%","8"
"betweenel.answer","1","2","200%","3"
"spottle movie","1","0","0%","8"
"resposta do contexto de hoje 26 de jul","1","1","100%","4"
"globle answer march 27 2026","1","0","0%","8"
"ny wordle solution july 10 2026","1","0","0%","1"
"wordle 6 agosto 2026","1","0","0%","2"
"spotle movie answer","1","2","200%","4"
"wordle answer andhintsfor july17","1","1","100%","7"
"weat is left or right icewinddale","1","0","0%","6"
"wat is todays contexto may 10 2026","1","0","0%","4"
"betweenle word of the day 31 may","1","1","100%","1"
"semantle may 23 2026 answer","1","1","100%","1"
"semantle answers may 2nd","1","0","0%","3"
"5 letter word r u l a e","1","0","0%","9"
"today's globle answer 8th march 2026","1","1","100%","2"
"guess the daily colour by percentage","1","1","100%","3"
"artist guesser","1","0","0%","4"
"wordle word solver tool","1","0","0%","10"
"colordle answer calculator","1","2","200%","1"
"wordle ans 31 may 2026","1","1","100%","4"
"bwtweenle answer june 4 2026","1","2","200%","3"
"xbox puzzle solution today","1","0","0%","2"
"what is todays wordle on discord june 29","1","3","300%","2"
"waffle answer today all solutions","1","0","0%","2"
"wordle 20 junio 2026","1","0","0%","4"
"toays wordle answer","1","1","100%","4"
"ngọn hải đăng hạ long","1","0","0%","7"
"phoodle hint 5/19/2026","1","1","100%","4"
"today's wordle answer 6 giugno","1","0","0%","4"
"contexto 07/03","1","4","400%","4"
"todays narutodle answers 13 06 2026","1","2","200%","4"
"wordle hoy vandal 31 julio","1","0","0%","4"
"colorhexa answer today","1","1","100%","1"
"minesweeper solver 12x12","1","1","100%","4"
"wordle hints and answer","1","0","0%","4"
"whats the wordle word today discord","1","1","100%","3"
"wordless 5 letter word 02,05.2026","1","1","100%","3"
"canuckle answer apr 30 2026","1","0","0%","6"
"hangman calculator","1","0","0%","6"
"wordle today answer friday 26 june","1","0","0%","2"
"how many 5 letter words does wordle draw from","1","0","0%","2"
"wordle palabra 18 julio 2026","1","1","100%","2"
"globle answer march 20 2026","1","0","0%","7"
"colourdle answer feb 17","1","1","100%","2"
"wordle 6 helper","1","0","0%","8"
"wordle 26 junio 2026","1","0","0%","3"
"minesweeper decoder","1","0","0%","6"
"semantle may 28 2026 answer","1","1","100%","2"
"globle answer 30th of march 2026","1","0","0%","6"
"palavra do wordle de hoje 13/06/2026","1","1","100%","3"
"discord woordle answer","1","1","100%","1"
"wordle7月11日答案","1","1","100%","1"
"wordleanswer 23 may","1","0","0%","8"
"onepiecdle answers today","1","0","0%","2"
"quad nerdle answers today","1","1","100%","5"
"wordle japanese 13/07/2026","1","0","0%","5"
"colordle awnser today","1","1","100%","1"
"wordle solution may 23 2026","1","0","0%","8"
"wordle help dec 3 2025","1","0","0%","7"
"discord wordle answer today 9 may 2026","1","0","0%","6"
"globle answer march 22, 2026","1","1","100%","2"
"wordle 7/21 answer","1","0","0%","1"
"phoodle may 2 2026","1","0","0%","5"
"wordle jy 9","1","2","200%","2"
"huly 13th wordle answer","1","1","100%","1"
"colordle hints today may 10","1","1","100%","4"
"totday&s wordle answer 5/26","1","0","0%","1"
"what's today's wordle july 27","1","0","0%","2"
"wordle clues july 4 2026","1","0","0%","6"
"wordle today mashable 17 july","1","0","0%","3"
"neal wu lights out solver","1","0","0%","4"
"globle answer march 29th","1","0","0%","7"
"word weaver help","1","1","100%","2"
"worsle july7","1","1","100%","2"
"ny wordle solution july 24 2026","1","0","0%","1"
"wordle 5.7.2026 discord","1","1","100%","3"
"semantle 1464","1","0","0%","8"
"wordle answer today 18 march","1","0","0%","2"
"spotleanswers","1","3","300%","4"
"todays dotadle caracther","1","1","100%","5"
"semantle answer game 1483","1","0","0%","1"
"what is colordle of the day","1","0","0%","5"
"wordle answer february 27 2025","1","0","0%","6"
"today's wordle answer 3 august 2026","1","0","0%","1"
"what is today's wordle answer may 26 australia","1","1","100%","1"
"wordle answer todag","1","0","0%","2"
"contexto answer jun 18","1","0","0%","5"
"is wordle answer today break","1","1","100%","1"
"today's wordle hints and answer","1","0","0%","2"
"what's the answer for today's wordle question","1","0","0%","5"
"globle arhive","1","0","0%","7"
"globleanswers.com 2026 14","1","0","0%","4"
"wordle 28 junio 2026","1","0","0%","3"
"nieskonczony colordle","1","0","0%","3"
"fibble hint","1","1","100%","2"
"worldle answers today 1 may 2026","1","0","0%","4"
"wordle 27 julio 2026","1","0","0%","5"
"a hint for may 1 canuckle","1","0","0%","6"
"pone piece idle today answeres","1","0","0%","6"
"colordle cheater","1","1","100%","1"
"phoodle march 2 2026","1","0","0%","5"
"parsewords yesterday puzzle","1","0","0%","6"
"solution pokedle","1","0","0%","8"
"wordle 2 julio2026","1","0","0%","4"
"semantle word today jan 19","1","0","0%","9"
"how to.solve waffle in 5 every time","1","0","0%","7"
"thirdle 1531 solution","1","1","100%","2"
"narutodle answers 22/3","1","0","0%","4"
"globle answers may 18","1","0","0%","10"
"better words for explore","1","0","0%","3"
"semantle answers 01/04/2026","1","0","0%","2"
"worsle tosay answer","1","0","0%","1"
"wordle answer today 8 june mashable today","1","1","100%","4"
"wordle today 20260725","1","1","100%","2"
"countryle answer","1","1","100%","4"
"worldle may 26","1","0","0%","2"
"globle answer 11 march 2026","1","0","0%","8"
"history of wordle answers","1","0","0%","4"
"wordle disord 26 may","1","0","0%","1"
"6 letter wordle word solver","1","1","100%","2"
"kanoodle online game","1","2","200%","4"
"semantle 1491 answer","1","1","100%","1"
"semantle june 1 2026 answer","1","1","100%","2"
"wordle solution 5 feb 2026","1","0","0%","1"
"todays wordle june 22nd","1","0","0%","7"
"answer the naruto chaaracter","1","1","100%","2"
"auto minesweeper solver","1","1","100%","5"
"wordle 5 letter words help","1","0","0%","8"
"resposta pokedle de hoje","1","0","0%","3"
"narutodle lösung heute","1","0","0%","8"
"december 19 2025 wordle companion","1","0","0%","10"
"risposta wordle oggi mercoledi 22 luglio 2026","1","0","0%","2"
"colordle guess the color answers","1","1","100%","2"
"what is word of day wordle july 11 2026","1","0","0%","1"
"contrxto today","1","0","0%","6"
"wordle answer 7/28","1","0","0%","3"
"wordle 1824","1","0","0%","9"
"colordle solver reddit","1","0","0%","2"
"colordle day 1418 reddit","1","1","100%","2"
"wordle 14 july 2027","1","0","0%","1"
"colordle day 1410 answer","1","1","100%","1"
"semantle may 24 2026 answer","1","1","100%","3"
"narutodle resposta dia 19","1","0","0%","5"
"contexto 5/24","1","0","0%","5"
"read this 2 chapter 9 wordle","1","0","0%","3"
"onepiecedle solution 20 februar","1","0","0%","5"
"wordle answer febuary 10 2026","1","0","0%","9"
"onepiecedle today 7 march","1","0","0%","2"
"phrazle word 22march 2026","1","0","0%","9"
"number waffle solve rate","1","0","0%","2"
"semantle june 8 2026 answer","1","1","100%","2"
"globle answer 5 maggio 2026","1","0","0%","3"
"new york games wordle answer 27 may 2026","1","0","0%","6"
"wordle 9 january 2026","1","0","0%","9"
"7月11日wordle答案","1","0","0%","3"
"pokedle answer today answer","1","0","0%","5"
"globle answer 16 march 2026","1","0","0%","6"
"wordle today's word 6/15/2025","1","0","0%","9"
"wordle for 7/15/26","1","0","0%","7"
"clues for wordle 13 june","1","0","0%","8"
"why does my waffle puzzle not start with a new set of letters?","1","0","0%","3"
"what is the wordle answer today the 11/05/26","1","2","200%","1"
"ny wordle solution july 31 26","1","0","0%","2"
"canuckle answer june 4. 2026","1","1","100%","1"
"today's wordle answer 08/06/2026","1","0","0%","7"
"what is today quordle 4 august 2026","1","0","0%","3"
"hardle answer list","1","1","100%","1"
"phrazle for may 15 2026","1","2","200%","3"
"narutodle resposta 19/02","1","1","100%","7"
"wordle todayordle 13.06","1","1","100%","1"
"colordle list","1","0","0%","4"
"wordle answers list may 2026","1","0","0%","5"
"wordle 23 junio 2026","1","0","0%","3"
"canuckle answer may 31-2026","1","1","100%","3"
"todays quordle answer","1","1","100%","2"
"wordle today for 28th of may 2026","1","0","0%","6"
"globle answer 9th march 2026","1","0","0%","8"
"25 march 2026 globle answer","1","0","0%","9"
"all wordle solutions","1","0","0%","4"
"wordle of the day answer discord july 30","1","0","0%","4"
"semantle ‘","1","0","0%","9"
"betweenle solution","1","1","100%","1"
"list of anwsers in wordle archive for pythpn","1","0","0%","10"
"responstas narutodle de hoje 18 de fevereiro","1","0","0%","6"
"phrazle for june 14 2026","1","2","200%","1"
"today's loldle answers nh","1","0","0%","3"
"ny wordle solution august 8 2026","1","0","0%","1"
"wordle answer and hints for july27","1","1","100%","9"
"globle clues 22nd march 2026","1","1","100%","1"
"wordle 20 march 2026","1","0","0%","8"
"what is the answere to the 06/01/26 contexto","1","1","100%","1"
"what's the answer for wordle on july 5, 2026","1","0","0%","2"
"wordle palabra 18 junio 2026","1","0","0%","2"
"wordle hints jan 19 2026","1","0","0%","9"
"yesterdays phoodle question","1","0","0%","4"
"5x5 lights out puzzle solution","1","0","0%","2"
"2026－08－06﹥＜／qwklthghdo2026－08－06","1","0","0%","9"
"wordle june 22 h","1","0","0%","6"
"globle answer 2026 march 23","1","1","100%","3"
"solve wordle 22 june","1","1","100%","3"
"5 letter word wordle r_ra_","1","0","0%","4"
"wordle2026.6.30","1","1","100%","2"
"todays wordle answer 2026 23. 6","1","1","100%","1"
"today's globle answer march 2026","1","0","0%","8"
"colordle day 1500","1","0","0%","6"
"1402 colordle answer","1","1","100%","2"
"wordly 9 lettres","1","0","0%","7"
"goldentulipzoeter narutodle","1","0","0%","5"
"dotadle today","1","0","0%","8"
"what is the cemantle answer of the june 8th 2026?","1","1","100%","1"
"what is the answer for globe 5/7/2026","1","1","100%","2"
"semantle june 11 2026 answer","1","1","100%","2"
"wordle discord answer with "n"","1","1","100%","2"
"todays color is colordle","1","1","100%","1"
"マインスイーパー ソルバー","1","0","0%","9"
"9 letter wordle solver free","1","0","0%","9"
"mashable wordle hint today 15 july","1","0","0%","7"
"wordle hints january 21 2026","1","0","0%","10"
"colordle today solution","1","0","0%","5"
"smashdle lösung heute","1","0","0%","10"
"wordle answer 19th jan 2026","1","0","0%","5"
"wordle 3/06/2026","1","1","100%","3"
"wordle june 30 puppy","1","0","0%","1"
"what is the globle practice match answer for march 26","1","0","0%","5"
"spotle lösung 17.mai","1","0","0%","10"
"reponse colordle","1","1","100%","1"
"all colours in colordle","1","0","0%","5"
"<ordle answer today may 8","1","0","0%","7"
"wordle palabra 19 junio 2026","1","1","100%","2"
"day 1416 colordle word","1","0","0%","2"
"colordle answer today 1/31","1","0","0%","3"
"pokedl solution today","1","0","0%","2"
"ny wordle solution august 13 2026","1","0","0%","1"
"wordle clue for today's answer","1","0","0%","11"
"globle answer 3/27/26","1","0","0%","5"
"ryantanen.com#N#https://colordle.ryantanen.com","1","0","0%","5"
"daily semantle answer","1","0","0%","2"
"wordle soluce 5 juillet 2026","1","1","100%","1"
"cemantle clue today 1544","1","0","0%","6"
"waffle answers 1 puzzle","1","0","0%","5"
"taxアンサー 2621","1","0","0%","2"
"canuckle plus week.of may 4 2026","1","1","100%","2"
"what is the color of the day colordle","1","0","0%","5"
"wordle nytimes jan.29th 2026","1","0","0%","7"
"8 letter hangman word","1","0","0%","8"
"colordle reddit","1","1","100%","3"
"spotle hint may 4 2026","1","1","100%","4"
"onepiecedle answer may 2","1","1","100%","2"
"five letter food words phoodle","1","0","0%","6"
"globle answers 31/3/2026","1","0","0%","7"
"colors closest to heavenly white for colordle","1","1","100%","1"
"resposta contexto 03/06/2026","1","0","0%","5"
"answer of colordle","1","1","100%","1"
"thirdle 1531","1","1","100%","2"
"colordle day 1395","1","0","0%","2"
"phoodle march 15 2026","1","0","0%","8"
"pokelde answer","1","0","0%","6"
"thirdle.org answer","1","1","100%","2"
"ny wordle solution july 19 2026","1","0","0%","1"
"2026-08-06yhlzguskbk2026-08-06","1","0","0%","9"
"globle answer june 10","1","0","0%","4"
"answer for globle games 28 of march 2026","1","0","0%","9"
"today's discord wordle 12/06/2026","1","1","100%","1"
"worlde scoop","1","1","100%","7"
"todays 12/6/26 five letter wordel","1","1","100%","1"
"solucion onepiecedle","1","0","0%","7"
"wordle word 14.06.2026","1","1","100%","1"
"wordle 24 junio 2026","1","0","0%","4"
"gripe wordle nyt","1","0","0%","3"
"wordle answer 07/29/2026","1","1","100%","1"
"five lstter wirds ti start wordle game solver","1","1","100%","2"
"globle country answers today in italiano gratis","1","0","0%","7"
"what is today's wordle answer for june 7 2026","1","2","200%","1"
"hangman word finder","1","1","100%","7"
"phrazle today's answer june 9","1","1","100%","2"
"geode nyt wordle","1","0","0%","2"
"nerdle 1520 answer","1","0","0%","6"
"foodle clue july 3 2026","1","0","0%","3"
"wordle puzzle answer for "l" in hexagon grid","1","0","0%","3"
"wordle guesset 12 lettera","1","0","0%","5"
"wordle palabra 24 junio 2026","1","0","0%","5"
"june 22 canuckle answer","1","1","100%","5"
"i stant nerdle","1","0","0%","9"
"wordle hint jan.19,2026","1","0","0%","10"
"colordle of the day is","1","0","0%","5"
"spotle may 18","1","0","0%","7"
"whats globle today 20 may 2026","1","1","100%","1"
"wordle.answer 13 june 2026","1","1","100%","4"
"wordle hoy 2 de agosto 2026","1","0","0%","3"
"advanced wordle solver","1","0","0%","6"
"wordle 10 julio 2026","1","0","0%","8"
"globle answer for 3/21/26","1","0","0%","9"
"wordle 29 julio 2026","1","0","0%","5"
"colordle 25 march answer","1","0","0%","5"
"worfdle answer today","1","1","100%","1"
"20 june answer wordke","1","2","200%","5"
"wordle 15.07.2026 english","1","1","100%","1"
"one piece die today answer for character","1","1","100%","1"
"wordle ending letter today","1","0","0%","5"
"a hint for june 17 canuckle game","1","2","200%","10"
"clue semantle today","1","0","0%","2"
"answer to today's globle 14/3/2026","1","0","0%","2"
"colordle answer 1437","1","0","0%","4"
"what is the person from one piece in the onepiecedle","1","2","200%","1"
"what's today's wordle solution","1","0","0%","6"
"wordle 1829 answe","1","0","0%","9"
"semantle may 17 2026 answer","1","1","100%","4"
"wordle 08 agosto 2026","1","0","0%","7"
"psrseword from yesterday","1","0","0%","7"
"wordle 5 letter solve","1","0","0%","4"
"wordless list of answers","1","0","0%","5"
"good wordle 7 letter guesses","1","0","0%","3"
"the answer for todays wordle 7/39/26","1","0","0%","1"
"avian wordle nyt","1","0","0%","4"
"wordle today's answer july 4 w026","1","0","0%","1"
"phoodle march 11 2026","1","0","0%","7"
"seamantle answer 28 feb 2026","1","0","0%","6"
"semantle june 10 2026 answer","1","1","100%","2"
"onepiecedle réponse today","1","0","0%","7"
"wordle answer june 19 2020","1","0","0%","7"
"39.129.25.66:8060","1","0","0%","7"
"worddle puzzle challenge 4 level 6","1","0","0%","10"
"discord wordle june 4","1","1","100%","1"
"globle answer 17th march 2026","1","0","0%","2"
"all of yesterday's winning daily numbers game nerdle today","1","0","0%","7"
"weaver solcer","1","1","100%","3"
"colordle redit","1","0","0%","2"
"colordle andwer","1","1","100%","3"
"onepiecedle answers snswers today","1","0","0%","3"
"todays wordle ans","1","0","0%","3"
"wordle hiy 29 julio","1","0","0%","8"
"wordle 12 julio 2026","1","0","0%","3"
"betweenle 1165","1","1","100%","1"
"wordle answer dec 3 2025","1","0","0%","7"
"todays phoodle hints june 16 2026","1","1","100%","2"
"todays narutodle answer 6/6/2026","1","2","200%","1"
"wordle discord answer may 26th","1","0","0%","3"
"one piecedle losungen","1","0","0%","3"
"wordle 27 junio 2026","1","0","0%","4"
"contexto word hints 06/06/26","1","2","200%","4"
"quordle answer for 5/12/26","1","1","100%","1"
"lösung des heutigen betweenle","1","1","100%","1"
"spotle lösung","1","0","0%","8"
"wordle analyuzer","1","0","0%","5"
"kanoodle pro","1","1","100%","10"
"one piece dle resposta hoje","1","0","0%","7"
"globle country answers today in italiano","1","0","0%","5"
"what is the wordle may 24 2026","1","0","0%","4"
"resposta onepiecedle de hoje 6 de junho","1","2","200%","2"
"todays nut wordle","1","0","0%","3"
"mindsweeper helper","1","0","0%","5"
"under armour","1","0","0%","10"
"ny wordle solution july 17 2026","1","0","0%","1"
"waffle solver deluxe","1","0","0%","7"
"worlde ans 24 jun","1","1","100%","1"
"waffle answers 28th february 2026","1","0","0%","3"
"archived spotle","1","2","200%","1"
"add+5 moves to all bubbles on the board","1","0","0%","1"
"wordle answer 9/6/26","1","2","200%","2"
"colourdle ansver 24/3","1","1","100%","1"
"smashdle responsse","1","0","0%","4"
"reponse narutodle","1","0","0%","7"
"wordle hint july 22","1","0","0%","4"
"kanoodle solver d086","1","0","0%","3"
"feb 5 2026 wordle answer","1","0","0%","8"
"phoodle balls","1","0","0%","8"
"indice smashdle","1","0","0%","7"
"hangman cheat","1","0","0%","9"
"onepiecedle answer may 2 2026","1","1","100%","2"
"today's wordle unlimited answer","1","0","0%","8"
"wordle word today answer 3 mai2026","1","0","0%","3"
"canuckle clue may 24 2026","1","2","200%","2"
"wordle of today answer","1","0","0%","3"
"cpntexto 06-09","1","0","0%","2"
"colordle answer online","1","1","100%","1"
"phrazle for may 27 2026","1","1","100%","2"
"wordle may 5 watch","1","0","0%","9"
"first letter of wordle today","1","0","0%","10"
"betweenle.com answer today","1","2","200%","1"
"wordle today mashable 14 july","1","0","0%","3"
"contexto answer jun 17","1","0","0%","4"
"wordle umbra meaning","1","0","0%","5"
"colordle answers 1/28","1","1","100%","1"
"globle 29th march 2026","1","0","0%","5"
"contexto 28/05/2026","1","0","0%","6"
"wordle for july 29 2026","1","0","0%","4"
"resposta onepiecedle de hoje 18 fevereiro 2026","1","0","0%","6"
"waffle answers 1521","1","0","0%","2"
"champs solver","1","0","0%","2"
"waffle answers 1579","1","0","0%","9"
"all wordle answer list","1","1","100%","1"
"wordle today 12 june","1","1","100%","4"
"onepiecedle answer 14 february","1","0","0%","5"
"contexto answer for may 11th 2026","1","0","0%","4"
"contexto 5-29-2026 anwser","1","0","0%","3"
"narutodle answer today","1","0","0%","10"
"wordle may 7 judge","1","0","0%","8"
"colordle color day 1404","1","0","0%","4"
"impossible starting combos in kanoodle","1","3","300%","7"
"whats todays wordle?","1","0","0%","10"
"colordle day 1402 answer","1","1","100%","1"
"uk wordle answer 31/05/2026","1","1","100%","2"
"solucion onepiecedle 29th may","1","0","0%","8"
"29/06/26 wordle reveal","1","0","0%","1"
"colordle reddit psita","1","0","0%","2"
"octordle may 1 2026","1","0","0%","5"
"tsubas wordle","1","0","0%","9"
"7月23日wordle答案","1","0","0%","1"
"betweenle 1141","1","1","100%","1"
"canuckle hints 24 may 2026","1","1","100%","3"
"discord wordle answer june 13th","1","2","200%","1"
"wordle answer andhintsfor june21","1","0","0%","7"
"wordle answer july 2 2026通訳","1","0","0%","4"
"the answer for todays wordle 7/30/2026","1","0","0%","1"
"+colordle tracker","1","1","100%","2"
"five letter word generator for wordle","1","0","0%","6"
"today wordle answer june 30 2026","1","0","0%","1"
"answers for globle guess the country on march 22nd 2026","1","0","0%","9"
"globle wordle","1","0","0%","22"
"quordle solver","1","0","0%","4"
"day 1403 colordle today","1","0","0%","1"
"contexto hint 1336","1","0","0%","5"
"+worldle today","1","1","100%","5"
"weavever x ladder solver","1","1","100%","1"
"what is the answer to the globle question for march 30, 2026?","1","0","0%","5"
"+one piecedle","1","0","0%","10"
"食べ物海外の人が食べる面白い","1","0","0%","6"
"heutiges narutodle june 10th 2026","1","1","100%","2"
"1523 waffle","1","0","0%","5"
"artist guesser soundmap","1","1","100%","4"
"globle march 31 2026 answers","1","0","0%","6"
"kanodle","1","0","0%","7"
"wordle 11 agosto 2026","1","0","0%","5"
"betweenle 1st may","1","1","100%","2"
"jan 22 2026 wordle answer","1","0","0%","9"
"semantle june 12 2026 answer","1","1","100%","3"
"narutodle réponse today","1","0","0%","7"
"wardle todays answer","1","0","0%","9"
"contexto hints 5/31","1","0","0%","9"
"today's wordle 1/07/26","1","1","100%","1"
"canuckle solution may 23, 2026","1","2","200%","1"
"wordle hints for 3 26","1","0","0%","9"
"answer to globle 8 march 2026","1","0","0%","10"
"today's wordle answer,june 24，2026","1","0","0%","2"
"wordle 11 julio 2026","1","0","0%","7"
"wordle today mashable 23 july","1","0","0%","3"
"glbple answer today","1","0","0%","2"
"what is the searchle serch today","1","1","100%","6"
"february 2026 11 wordle","1","0","0%","6"
"what's the answer for world on july 5, 2026","1","0","0%","2"
"colordle answer dates","1","1","100%","1"
"colordle 1408\","1","0","0%","2"
"globle answer for today","1","1","100%","10"
"when was stank a wordle solution?","1","0","0%","4"
"ny wordle solution july 8 2026","1","0","0%","2"
"wordle discord today 20 de junio","1","1","100%","1"
"wordle 8 letter solver","1","0","0%","5"
"what is todays wordle awnser","1","0","0%","10"
"words with five letters wordle","1","0","0%","6"
"7/15/26 wordle mashable","1","0","0%","3"
"today's czmantle answer","1","0","0%","7"
"resposta do contexto de hoje 31 de julho de 2026","1","1","100%","1"
"semantle word today answer","1","0","0%","3"
"spotle musicker reraten","1","0","0%","4"
"canuckle answer may 23 2026","1","1","100%","1"
"spotle answer today may 17","1","0","0%","2"
"solution dotadle","1","0","0%","4"
"4 letter wordle with timer","1","0","0%","9"
"phrazle 13 march","1","0","0%","6"
"betweenle game answer may 31 2026 answers","1","1","100%","1"
"solution colordle","1","0","0%","7"
"wordle clues june 17 2026","1","0","0%","3"
"globle answer today may 5 2026 mahabhar","1","1","100%","2"
"venal wordle nyt today","1","0","0%","8"
"hardle解题","1","0","0%","4"
"wotdle hints today","1","0","0%","10"
"wordle answer today 2025","1","0","0%","4"
"canuckle answer may 13 2026","1","0","0%","5"
"colordle day 1403","1","1","100%","3"
"semantle may 25 2026 answer","1","1","100%","2"
"lights out puzzle 6x6 solution","1","1","100%","3"
"today's wordle august 4 2026 answe","1","1","100%","1"
"spotle answer 12 june 2026","1","1","100%","4"
"wordle discord answer may 27th","1","0","0%","5"
"betweenle solver 1172","1","1","100%","2"
"01/04/2026 globle answer","1","0","0%","7"
"onepiecedle laugh answer","1","0","0%","4"
"semantic answer june 15","1","1","100%","1"
"i solved waffle in 999999999999999999999999999999999999999999999999999999 moves","1","1","100%","2"
"today wordl answer","1","0","0%","5"
"wrodle word 28 june 2026","1","1","100%","1"
"ckue semantle today","1","0","0%","2"
"globle wordle play online","1","0","0%","22"
"jan 19 2026 wordle answ21","1","0","0%","4"
"globle 31march 2026","1","0","0%","4"
"smashdle hoje","1","0","0%","9"
"is it possible to solve waffle in 8 moves","1","0","0%","6"
"colordle hacker","1","1","100%","1"
"wordle january 19 answer","1","0","0%","6"
"wordle palabra 20 junio 2026","1","0","0%","2"
"sound map versel beta guesser","1","0","0%","3"
"globle answer today 27 march 2026 answer","1","0","0%","9"
"colordle color hint","1","1","100%","1"
"canuckle answers 29 november 25","1","1","100%","7"
"wordle 7/7 26","1","1","100%","1"
"wordle today hint july 10 june 19","1","0","0%","4"
"semantle june 15 2026 answer","1","1","100%","2"
"today wordle answer 11-06-2026","1","0","0%","4"
"snipe nyt wordle","1","0","0%","2"
"semantle may 14 2026 answer","1","0","0%","2"
"wordle answer 6/13/26 the gamer","1","2","200%","1"
"phoodle word today","1","1","100%","8"
"ไอโฟนมือ 2","1","0","0%","7"
"wordle tips july 11 2026","1","0","0%","7"
"wordle answer jan 15 2026","1","0","0%","8"
"how to get out of the puzzle","1","0","0%","4"
"nine letter wordle","1","0","0%","10"
"today's wordle answer 27","1","1","100%","1"
""worldle.today"","1","0","0%","3"
"wordle word of today 25th june","1","0","0%","3"
"weaver 3 4 letters","1","0","0%","8"
"wordle answer past","1","0","0%","5"
"colourdle anwer today 17 march 26","1","1","100%","1"
"wordle june 23 2026スウェーデン","1","0","0%","6"
"canuckle may 2","1","0","0%","7"
"11 letter words for wordle game","1","0","0%","7"
"what is the answer to today's wordle 06/19/2026","1","3","300%","1"
"ny wordle solution july 27 2026","1","0","0%","1"
"has liken been the wordle","1","0","0%","7"
"wordle 26th july 2026","1","0","0%","3"
"wordle 1869 answer","1","0","0%","3"
"nerdle micro","1","0","0%","7"
"globle capitals answer may 14 2026 mahabhar","1","1","100%","3"
"spotle answer today 13 may","1","0","0%","3"
"globle answer 20 march 2026","1","0","0%","9"
"wordle 22 junio 2026","1","0","0%","2"
"one piecedle solution today","1","0","0%","3"
"semantle game 1430","1","0","0%","9"
"wordle discord today 28","1","1","100%","1"
"phoodle 2/21/26","1","1","100%","2"
"contexto 29 05 2026","1","1","100%","6"
"colordle answer day 1461","1","1","100%","4"
"wordle result archive","1","1","100%","9"
"cemantle clue today 1523","1","0","0%","4"
"smashdle de hoy solucion 6 junio","1","1","100%","1"
"globle answer for 28 march","1","0","0%","3"
"semantle word game","1","0","0%","6"
"spotle answers today 2 may 2026","1","0","0%","6"
"kanoodle respuestapuzzles","1","1","100%","1"
"wordle 10 letter strategy","1","0","0%","10"
"seaechle","1","0","0%","2"
"colordle 4. march","1","0","0%","4"
"worlde ans may 26","1","0","0%","3"
"canuckle may 27,2026","1","1","100%","5"
"wordlewordtoday9june2026","1","1","100%","4"
"narutodle solution 19/03","1","0","0%","7"
"answer to todays semantle 1495","1","1","100%","2"
"phoodle word with d o u g","1","1","100%","2"
"what was the wordle october 18 2025","1","0","0%","10"
"semantle answers may 2nd 2026","1","0","0%","2"
"smashdle resposta","1","0","0%","3"
"was riser wordle word","1","1","100%","10"
"réponse  smashdle 12 march","1","0","0%","7"
"solution spotle 02/05","1","0","0%","4"
"waffle answers 1523","1","0","0%","4"
"multidle","1","0","0%","2"
"pokedle naruto","1","0","0%","6"
"phrazle gg march 15 2026 answer","1","1","100%","2"
"onepiecedle solution 23 februar","1","0","0%","4"
"countryle for today","1","0","0%","11"
"wordle discord 18 06","1","1","100%","1"
"who is todays onepiecedle","1","2","200%","4"
"wordle-analyzer","1","0","0%","3"
"wordle 21 de junio 2026 discored","1","1","100%","1"
"wordle 22nd may 2026","1","0","0%","8"
"wordle for 11/07/2026","1","1","100%","1"
"wordle answer list","1","0","0%","8"
"what is the answer to colordle today","1","1","100%","1"
"solution semantle today february 17th","1","1","100%","2"
"the hangman solver","1","1","100%","4"
"wordle 2.4. 2026","1","0","0%","5"
"colordle answer 18/2","1","0","0%","2"
"globle answer 29th march 3026","1","0","0%","4"
"wordle hint march 29 2026 printable","1","0","0%","6"
"betweenle march 23 2026","1","1","100%","7"
"waffle srchive","1","0","0%","3"
"quordle des maths 1585","1","0","0%","5"
"pokedle all answers","1","0","0%","8"
"wordle answer hisotry","1","0","0%","6"
"wordle word january 22nd 2026","1","0","0%","8"
"globle answer 30 april 2026","1","0","0%","4"
"what is a five lettered word in wordle","1","0","0%","7"
"globle answer march 28th 2026","1","0","0%","10"
"hexa colordle","1","0","0%","5"
"phrazle answer may 28","1","2","200%","2"
"wordle today hint july 10 june 1996","1","0","0%","4"
"today's globle answer 3/6/2026","1","0","0%","2"
"タックスアンサー 2621","1","0","0%","6"
"whats todays wordle answer june 102026","1","1","100%","1"
"february 2026 20 wordle","1","0","0%","9"
"all wordle game answers","1","0","0%","7"
"onepiecedle respostas de hoje","1","0","0%","5"
"globle archiuve","1","0","0%","8"
"ny wordle solution august 12 2026","1","0","0%","1"
"easy colordle","1","0","0%","6"
"who is the characteron todayas narutodle","1","0","0%","7"
"cemantle word of the day answer of the day","1","0","0%","2"
"waffle 1644 hints","1","0","0%","10"
"31 may globle andwer 2026","1","1","100%","3"
"wordle hint july 26, 2026","1","0","0%","4"
"globle answer 25/3/26","1","0","0%","5"
"worlde today 27","1","1","100%","2"
"spotle answer 22 match","1","1","100%","2"
"what js wordles word today discord","1","0","0%","4"
"one piece find character","1","0","0%","7"
"kanoodle 187","1","1","100%","3"
"phrazle solutions today","1","1","100%","3"
"what is the globle country for today","1","0","0%","5"
"semantle june 16 2026 answer","1","1","100%","2"
"waffle 23 march 26 answers","1","0","0%","3"
"wordle june 16 answer","1","0","0%","10"
"wordle discord 12 06","1","1","100%","1"
"wordle answer feb 4 2026","1","0","0%","6"
"wordle answer january 12 2026","1","0","0%","5"
"smashdle top players","1","0","0%","8"
"wordle today july 4","1","0","0%","8"
"canyckle hint may14th","1","0","0%","7"
"worldle 30 april 2026 what country","1","1","100%","1"
"wordle grave july 26","1","0","0%","2"
"today's wordle answer 2025","1","0","0%","3"
"worlds clue today","1","0","0%","2"
"lights out solver online","1","0","0%","4"
"what is the cemantle word of june 8, 2026","1","1","100%","1"
"phrazle answer 25 march 2026","1","0","0%","5"
"lightoff puzzle solver","1","1","100%","3"
"srarchle","1","0","0%","4"
"every wordle answer","1","0","0%","5"
"what ist he globle fpr today","1","0","0%","4"
"5 letter wordle solver online","1","0","0%","1"
"wordle 7 may 2026","1","0","0%","9"
"10 word wordle solver","1","0","0%","6"
"globle answer for 9/4/26","1","0","0%","5"
"march 29 2026 globle answer","1","0","0%","8"
"waffle daily word game archive","1","1","100%","4"
"wordle hepler 12 letter words","1","0","0%","8"
"wordle no 1890","1","0","0%","10"
"smashdle réponse 25 march 2026","1","0","0%","7"
"1421 colordle","1","1","100%","2"
"pokedle league answers","1","0","0%","5"
"“clash” wordle nyt today","1","0","0%","3"
"today's discord wordle word","1","0","0%","2"
"spotle answer june 8","1","1","100%","3"
"colordle answer day 1405","1","1","100%","1"
"smashdle 14/02/2026","1","0","0%","5"
"onepiecedle respostas 19 de março","1","1","100%","1"
"spotle answers today 5 may","1","0","0%","4"
"colordle solution 9 may","1","0","0%","1"
"worldle 5 letter word solver","1","1","100%","1"
"24/06 wordle answer","1","1","100%","1"
"wordle answer may 27","1","0","0%","4"
"resposta do wordle de hoje","1","0","0%","2"
"what is the wordle today jan 11 2026","1","0","0%","10"
"what is word of day wordle","1","0","0%","10"
"wordle word of the day answer july 19th","1","0","0%","3"
"palabra wordle 21 de junio","1","1","100%","1"
"wordle 8 july 2p","1","0","0%","3"
"one piecedle aswers","1","1","100%","4"
"daily color puzzle (april 13, 2026)","1","0","0%","7"
"five letter word finder for wordle wordle solver","1","0","0%","9"
"phrazle today 13 march 2026","1","0","0%","3"
"for may 26 wordle answer 2026","1","0","0%","5"
"loldle 10/06/2026","1","0","0%","2"
